340129ce-c836-43f0-b65b-d1c062f0e10f,Yvonne,Olson,1979-11-28,MAN,Warszawa
5eca3349-741c-466f-a6d2-ad722aac0c3e,Virgil,Torp,1988-03-09,WOMAN,Gdańsk
abaf804e-35aa-4414-bb75-a4afd85b3651,Frederic,Hamill,2011-01-11,MAN,Gdańsk
48b91374-6ee8-40a8-8605-4a25f1db66a0,Rosanna,Durgan,1971-01-04,MAN,Gdańsk
d476baf7-bf55-4525-a2df-c14af2e9c8d8,Bridget,Toy,1982-12-13,MAN,Warszawa
45176056-8549-4579-98bb-b9338a686dd7,Rossie,McCullough,2010-08-13,MAN,Warszawa
d936edb9-2c69-4f09-8962-c3b2b4936f6f,Lelah,Kiehn,1979-02-27,MAN,Wrocław
68b26b0f-4a07-439a-aba8-f22575f47433,Rubie,Lockman,2005-05-25,MAN,Wrocław
cc88b670-4836-4caa-a077-06c52b6822ef,Savanna,Ankunding,2009-11-01,MAN,Wrocław
bc583b5c-b53b-4748-92f6-1b35e7b964b0,Clarissa,Schuppe,2009-04-14,MAN,Wrocław
ea0712ff-c321-4a26-a06e-eedf14e51eef,Douglas,Orn,1986-01-17,MAN,Gdańsk
1b4c46a7-da80-49dd-bf4a-ded69677213e,Christopher,Walter,1949-12-21,MAN,Warszawa
a4ad98cc-0d55-40dd-b891-069054e7bc4f,Brendon,Jakubowski,2010-01-25,MAN,Warszawa
26323e85-806f-4120-9d71-c2b2008c1283,Avis,Doyle,1986-12-30,MAN,Warszawa
7d4c9b2a-3034-4ccc-8350-459b62e6a5fd,Katheryn,Grimes,1948-08-21,MAN,Wrocław
748b7d08-2028-4f86-8d71-502bed72587d,Shyanne,Hagenes-Shanahan,2005-01-03,MAN,Wrocław
680b7166-3210-4a71-9990-215e965a1425,Ari,Bernhard,1979-05-26,MAN,Warszawa
6273a58f-eac7-45b2-bb6e-ac69d1c2182c,Curtis,McDermott,1945-11-15,MAN,Gdańsk
9dd8d1f4-cf53-4ee8-88bd-c8fd3c22135a,Roderick,Hansen,1959-12-28,MAN,Warszawa
35b9b774-e205-47c0-b14c-deab3251616e,Ron,Hermann,1974-10-28,MAN,Warszawa
1d62f1d9-649e-4151-b825-37b9d64f07c3,Felicity,Berge,1993-08-15,MAN,Wrocław
b89d13b4-7260-4b1d-ac11-7b6996531fb3,Jaclyn,Mante,2009-03-26,MAN,Wrocław
65039791-369f-456c-80ab-58e76f8451c4,Letitia,Hodkiewicz,1988-09-05,MAN,Warszawa
f26253cd-944f-4d9b-8e73-1d8abd41f8bc,Tomasa,Quigley,1966-08-31,MAN,Wrocław
0c1ae8bf-f124-42d0-8bb4-d57acecda58e,Wade,Kilback,1938-03-12,MAN,Warszawa
0f8d49e1-1565-49ba-86fc-1dcbccefe057,Matteo,Mayert,2007-04-29,MAN,Warszawa
9f079e83-636c-42e3-b44e-a5f2e3711275,Jerrell,Moen,1966-10-20,MAN,Gdańsk
30541ce2-79cb-411e-8dee-7da8edfbfc6f,Rubye,Walsh,1981-09-02,MAN,Wrocław
b2ae80df-818a-45e1-bd2f-2127a746fd54,Helen,Runolfsdottir,1999-07-25,MAN,Gdańsk
15be7137-e968-432e-8e32-74a5c36f1533,Rose,McCullough,1988-03-21,WOMAN,Gdańsk
4df4599a-a5e8-46d6-804b-2c71bee4b295,Heath,Hudson,1973-10-21,MAN,Gdańsk
67febf24-8104-4109-933f-fb9dd563b93b,Tremayne,Tillman,1998-11-20,MAN,Gdańsk
b87517e0-c9f0-4188-8a09-73c66855bcbf,Maud,Mann,1952-12-27,WOMAN,Wrocław
ea512f9b-c41e-4718-aeb9-30d811ffcd95,Moses,Zboncak,1925-10-20,MAN,Gdańsk
aac601fb-d3e5-477d-acad-9e15938da059,Morgan,Kirlin,2012-02-10,MAN,Warszawa
088c8c2d-2674-4701-a22e-6ff65fa27f6f,Turner,Keeling,1977-01-22,MAN,Warszawa
3a0f17fa-e2bf-45f1-9753-023d41fba7ef,Tremayne,Gutmann,1983-09-17,MAN,Warszawa
2788e5d0-e405-426e-b15b-72ad9586fff6,Junior,Rogahn-Durgan,1925-05-06,MAN,Warszawa
45e31993-6076-4fae-9cd2-96da3e3f51f1,Cordell,Effertz,1987-02-28,MAN,Wrocław
e0a09b0f-6fe5-413b-b25a-8b687867a08f,Domenic,Simonis,1988-06-04,MAN,Warszawa
23de2cc6-660d-4682-b587-09309e3ed2c8,Gilda,Haag,1964-10-19,MAN,Wrocław
b4c0baa5-e473-4551-8854-f99f6ebf4236,Lauren,Sanford,2001-01-05,WOMAN,Wrocław
f7d9b479-dcdd-4378-83bf-2bf0841bcc9c,Raul,Fisher,1962-07-26,WOMAN,Warszawa
5f6734c7-2b15-4e10-a850-2198fea420a2,Rubye,Champlin,1936-02-20,WOMAN,Gdańsk
78520430-69c7-467f-9d49-e956bd2342e8,Muhammad,Bins,2011-12-20,MAN,Gdańsk
b850ff65-cf05-408f-a08c-67350156bda5,Grayson,Oberbrunner,1978-06-07,MAN,Warszawa
d782b8eb-cfe6-4bb0-ba6b-03fbb8191b6e,Jailyn,Brown,2009-01-15,MAN,Wrocław
72ec9370-75ad-4914-b9e0-242df486069e,Marjory,Parisian,1993-04-17,MAN,Warszawa
0cd94a15-706e-40e0-9327-a6475c46cc6c,Derick,Ledner,1997-04-20,MAN,Gdańsk
50e67dcb-fa53-4f12-b5c3-fac703445c72,Wava,McClure,2012-02-06,MAN,Wrocław
2626e59d-b500-4b48-bc50-4e3117e8bbb9,Christy,Hintz,2013-12-22,MAN,Gdańsk
14e47617-839f-4ceb-bcd5-d9a7000dd608,Baby,Raynor,1979-07-19,MAN,Gdańsk
87c97c5e-739d-4624-a116-f2d73383c1e4,Enoch,Treutel,1994-01-27,MAN,Gdańsk
5ad3d644-967d-453b-a6ec-591049e7369a,Royal,Gorczany,2005-02-09,MAN,Gdańsk
3ad4882f-a2f4-4677-9f9e-e53423cacd98,Precious,Collins,2012-01-19,MAN,Gdańsk
6817ce92-7e3b-4494-bb1f-bc6ddff6fdf0,Constantin,Smith,1976-04-06,MAN,Warszawa
aa947b7a-3dcb-4d4c-8752-5615004420cb,Karlie,Botsford,2005-08-17,MAN,Gdańsk
aaeda194-d42d-485d-be05-4a6a8ce73789,Shirley,Welch,2012-08-19,WOMAN,Wrocław
456ea42e-522e-4377-89eb-185565dff3d1,Trey,Johnson,1973-05-27,WOMAN,Warszawa
563b95c3-eda3-494b-a6ce-a4b1a1c18457,Clare,Runte,2013-03-28,MAN,Warszawa
3e5505bb-9b02-447b-92eb-89a1fb099bf3,Randy,Bergstrom,2012-08-11,MAN,Wrocław
54930018-b7dc-471c-ba69-52497ba0cc3f,Maya,Effertz,1936-02-03,WOMAN,Gdańsk
d5558647-f131-47ee-b176-17c1683a4bbf,Antonio,Ledner,1990-05-28,MAN,Gdańsk
9d876282-663d-417e-b301-33bec4016e3d,Jaylan,Prosacco,1977-10-14,MAN,Gdańsk
c3512874-6931-426a-b5b6-831494ec0269,Leta,Sporer,1957-10-09,MAN,Warszawa
19d7538d-479f-44f9-a896-f7176f702c34,Kattie,Jerde,1991-06-28,MAN,Gdańsk
e8df6265-c2ba-4e91-857d-3650949fa66d,Bonnie,Lemke,1940-07-09,MAN,Warszawa
fdb66b77-e825-4702-a3a5-49a497aacdea,Ronaldo,Sipes,1989-04-22,MAN,Wrocław
00d4d8e3-42f3-4066-8fb2-059a5ef32554,Marianne,Pacocha,1948-07-21,MAN,Wrocław
c3b117e5-f62c-4a51-95fb-98b7892809ec,Ines,Goodwin,1990-12-24,MAN,Wrocław
ff850f79-6a14-41e8-947c-59a2cfb9b455,Martin,Zemlak,1953-03-31,WOMAN,Gdańsk
388739a8-2f04-44ae-bb60-475cc8f7d97a,Kobe,Pollich,1970-08-06,MAN,Wrocław
0361d6d8-5b74-4cf6-84ee-5cab4a29f9da,Aliya,Waelchi,1970-09-19,MAN,Gdańsk
7da87a14-3b97-4911-b8a2-dd655437beca,Sincere,Kris,2010-11-01,MAN,Warszawa
c064a476-8af0-46d8-8b85-a3059b90e611,Catherine,Toy,1957-02-26,MAN,Wrocław
45b4ae4f-40d8-4d6a-9e21-cead76fdb9bf,Katrina,Hansen,1989-10-14,MAN,Wrocław
8591adcd-5d41-4a54-8eb7-0377f80d961a,Lucienne,Beatty,1964-05-19,WOMAN,Warszawa
ec1d5fc4-fc1d-48de-b5f1-576d3dd4f2e6,Trenton,Shanahan,1955-08-25,MAN,Wrocław
b4ac0024-7742-422b-885a-f619d813be54,Francesca,Rempel,1976-05-23,MAN,Wrocław
1ef6345f-1ac8-48a5-ab53-65d8a7da8984,Oren,Labadie,1930-10-12,MAN,Warszawa
4d50cee6-6eea-4579-bb5a-8f9f47b9a547,Elroy,Schaefer,2002-07-14,MAN,Warszawa
f3f587f1-cc3f-4358-bd57-45b129b41346,Kaylee,Heller,1954-08-19,MAN,Warszawa
5e72e81c-7783-4d2f-8275-cbeb85f92966,Jeremy,Smith,1988-05-22,MAN,Wrocław
5eb6841b-9f16-49f5-b7a2-0e7a935fdfcc,Colby,Osinski,2009-07-16,MAN,Warszawa
a8ab41e5-802b-4135-b761-ed26d0b49f9d,Virginie,Koepp,2006-06-14,MAN,Wrocław
3b6d6e6b-fa3a-4503-874a-23f78221b050,Jacques,Roberts,1964-04-12,MAN,Wrocław
cc357484-0dd1-4bea-b35b-774c78fc7ad2,Lora,Cummings,1998-08-04,MAN,Gdańsk
6db0272d-7fd6-4177-a4ad-955baf68f4e0,Tommie,Miller-Mayert,1992-10-09,MAN,Wrocław
ea7b674c-d82c-4751-afab-631020173e66,Rosemarie,Bogisich,1967-01-30,MAN,Gdańsk
feca57d2-e28d-4b39-b430-e680c033055a,Jeramy,Stroman,1969-10-02,MAN,Gdańsk
acdce98d-6594-462d-95b3-5f96d45fc197,Tyrell,Kihn,1959-07-02,MAN,Wrocław
2268dde4-df71-42ff-8638-7191acb6ea82,Georgiana,Kshlerin,2006-11-27,MAN,Wrocław
a2cc346f-540c-4cab-a377-9d4285cfeb83,Una,Gulgowski,2008-08-09,MAN,Gdańsk
ae1257c2-fe13-4a69-aa39-c7221f60f61f,Aniya,Hudson,1985-04-19,WOMAN,Gdańsk
4673ab70-877d-4824-8bec-01ff15e829eb,Lafayette,Wehner,1998-07-16,MAN,Warszawa
9d77077c-73d0-46a8-8ea0-0fb3c7ae4bd6,Sheldon,White,2012-08-09,MAN,Warszawa
b30c9dfb-abd1-4e89-8b82-be5905c3e7c0,Deron,Ebert,1994-08-01,MAN,Wrocław
4b23d27b-7a28-4dd3-ae25-300c215421e8,Braeden,Friesen,1977-01-15,MAN,Warszawa
aba7ccc0-f3ef-42e9-93c5-15134c3b9cf8,Jennyfer,Mohr,1966-10-02,MAN,Gdańsk
2d4d0061-a285-43f6-b0a5-56cefb32cde3,Felicia,Homenick,1937-09-03,MAN,Gdańsk
34d520fb-57fe-4461-9b4f-b3b3e2721324,Aryanna,Blanda,1952-01-09,MAN,Warszawa
62b66335-6705-4bea-80de-e43cbf918fdb,Archibald,Yundt,1998-05-20,MAN,Wrocław
68c47774-a150-4142-b45a-e33b8388f364,Garret,Hermann,2010-03-06,MAN,Warszawa
2a7d2e4d-32b8-4766-87d0-f4fcf6ebedb5,Korey,Rosenbaum,1978-01-14,WOMAN,Warszawa
4ff4cbe6-3c1c-4500-a02c-d70b163de450,Jacklyn,Crist,1974-10-13,MAN,Wrocław
826f84d1-e979-4dbe-ab2c-d34e2113af88,Liza,Spinka,1973-12-23,MAN,Gdańsk
195bd8de-9444-488d-a2d9-3237f554799a,Rocky,Schmeler,2001-11-15,MAN,Wrocław
af188ac5-2fdd-4850-a442-cb4c457af6de,Tatum,Smitham,1970-01-06,WOMAN,Gdańsk
3f6c4701-12fe-4bb1-8dec-67fe8a318963,Keyshawn,Lakin,1975-09-02,MAN,Gdańsk
037e0ed1-eb58-43d4-be8a-7b548bf8b5ed,Dorothy,Robel,1936-04-27,MAN,Wrocław
6676d787-3574-469f-8f91-ba4832d4c76c,Lilla,Windler,1941-12-07,MAN,Wrocław
e3affa29-af08-4ea5-9a8f-58a63896b104,Leilani,Cronin,1948-03-02,MAN,Gdańsk
a8662961-572c-47c9-bc70-3842ef1fa698,Kyler,Considine,1942-07-16,MAN,Wrocław
0d4e8b1e-3c48-4a7c-80c0-307ecf082444,Toy,Bode,1968-04-15,MAN,Gdańsk
b5477820-2393-494e-9a11-164f4e4b9c8f,Ozella,Wisozk-Bruen,1967-06-19,MAN,Wrocław
d80f0003-bf88-473c-84ab-8559bd915a0e,Aniyah,Kerluke,1960-08-20,WOMAN,Gdańsk
abe3f24b-5018-4332-8434-6e6d7c1df92e,Omer,Jast,2004-10-17,WOMAN,Gdańsk
3213aec3-e18d-476c-b7d7-0bf844ee5b3b,Sandra,Ernser,1928-12-13,MAN,Gdańsk
1e152ebe-0710-405f-aa91-27f15c9a4e72,Favian,Wilkinson,1982-12-28,MAN,Wrocław
1d35ac3f-3e74-469c-aa8c-2983a0f6af1c,Lysanne,Beier,2010-12-27,MAN,Gdańsk
0aaf2078-ff6a-40b3-b7a9-96649f828e35,Mitchell,Pouros,1966-04-17,MAN,Wrocław
8b1e3e1b-1402-409f-86ba-f8d78ea389d5,Bernhard,Mosciski,1941-05-14,WOMAN,Wrocław
199eb54a-365e-4eb6-bb6b-2128ac082bd6,Angus,Gerhold,1998-01-04,MAN,Warszawa
abeab1b4-9b3f-478a-bcba-b8215adc0b9e,Lauren,Reilly,2004-04-18,MAN,Gdańsk
f5a4389b-e3f1-411d-b5d2-4140a031c92d,Demetrius,Windler,1957-09-11,MAN,Warszawa
ea0b7c85-49e7-4d8d-bf51-5e2dad813958,Priscilla,Feeney,1983-05-26,MAN,Wrocław
7aa98d41-0dfd-46e3-a6de-f124d9cc5f15,Jannie,Miller,1983-09-26,MAN,Warszawa
388978d0-a793-42cb-a124-a9c28fa556b8,Odell,Schulist-Gleichner,1995-01-06,MAN,Gdańsk
bf762199-7ca0-4856-a378-6432191a0d67,Keon,Langosh,1980-01-23,MAN,Warszawa
f80020b7-76cd-4a56-b6d4-cea612780d74,Katherine,Kilback,2013-05-13,MAN,Wrocław
954b994b-4122-4e9a-90df-f5ca4a3bb958,Fredrick,Ernser,1946-04-29,MAN,Warszawa
aae3ff62-69a6-4cf4-ae5c-a5eea18d9f44,Anthony,Torphy,1951-02-15,MAN,Gdańsk
02273b6e-9c05-46ca-9100-ee93eb5c2f7f,Madilyn,Schaefer,2007-04-28,WOMAN,Warszawa
e3737de8-175c-4fda-a9ba-1e8218299f2c,Jamel,Watsica,1971-10-28,MAN,Warszawa
44c599d5-083d-4b71-9639-d0542146c628,Summer,Torp,1936-06-13,MAN,Wrocław
c51d7585-35c7-4a8c-9797-981e1c6ffe29,Isaiah,Hammes,1928-02-04,MAN,Wrocław
be386e24-a9c2-47fd-a3bf-88b19c08b5b0,Mariam,Thompson,1925-11-02,MAN,Warszawa
4fb66504-75c7-4d66-bd8d-5d0a4fff6bcd,Brycen,Conroy,1977-07-08,MAN,Wrocław
e3eeff67-8059-4357-84c7-6d2ef4987d2c,Sylvan,Pfannerstill,1980-04-10,MAN,Warszawa
ab6d805e-81af-420e-84ec-570085b4e23b,Roman,Brown,1926-11-07,MAN,Wrocław
325739ed-670e-42b9-b2ba-7c4f2ba678bf,Harley,Green,1932-09-04,MAN,Warszawa
80fb5751-d6cc-48e6-b964-18ad59014ae8,Arnulfo,Becker,1967-08-15,WOMAN,Warszawa
fc2dfea6-cffa-4446-a0e8-e0e195b66352,Kory,Thompson,1993-10-12,WOMAN,Wrocław
dea6be1a-1c8a-4697-91b6-608298c219c1,Marcelle,Rice,1973-11-20,MAN,Wrocław
c86660f1-57d1-4bbe-92ce-45e7d27808e0,Tre,Herman,1966-06-14,MAN,Wrocław
4beb762c-49ae-4121-9ebe-b3b2d09005e4,Andreane,Lueilwitz,1939-12-11,WOMAN,Wrocław
4e40cd87-33c2-4d3e-b134-e6710ba487bb,Jamar,Kemmer,1976-11-03,MAN,Warszawa
7a50bcba-bf99-41db-b40c-088c3d6b6f00,Jadyn,Ankunding-Kertzmann,1985-05-22,MAN,Gdańsk
9953bf74-15e4-4232-aa55-f62b340386c0,Cale,Turcotte,1983-11-01,MAN,Gdańsk
d6b0b18d-c13a-430e-abd6-e01106eed5a8,Kyler,Shanahan,1987-06-20,MAN,Wrocław
78d644e4-132d-43e6-b929-84f947a89023,Keon,Kilback,1975-06-19,MAN,Gdańsk
fe4960a0-af91-4cbc-b825-93d6fcaec89a,Ottilie,Jones,1992-11-26,MAN,Gdańsk
c8102448-98ec-4c7c-b73d-f760d5539243,Estevan,Mitchell,1966-08-21,MAN,Warszawa
d0f4fce4-1160-49cf-ad6e-e28d8a0cb974,Mylene,Ferry,1929-08-09,MAN,Gdańsk
056eb92a-536b-4489-940a-e43aa944631d,Jasper,VonRueden,2008-01-07,MAN,Warszawa
adabf390-918d-4a5a-a769-11cfae7b3206,Braeden,Boyer,1955-08-28,MAN,Wrocław
d00d185c-5658-4d25-81cd-ce7a7f55b913,Maximillia,Kautzer,1999-08-25,MAN,Gdańsk
7c191b03-4940-4bd8-a681-51ef57e300f1,Lea,Klein,1979-02-10,WOMAN,Warszawa
9b3f41b2-d900-4149-bec6-0dba1c626f03,Sage,Quitzon,1938-02-21,MAN,Gdańsk
e71febdf-7afd-4866-b61a-a9abeec75d3c,Shaun,Wolf,1957-04-23,WOMAN,Wrocław
7cdc97f2-aa57-4441-b0e5-864355ba1edc,Milford,Shields,1991-07-17,MAN,Warszawa
86c8a920-03cd-4563-9e0a-8760bf0880a4,Reinhold,Murazik,1991-04-17,MAN,Wrocław
ccdd4871-8a04-4e58-97b4-50beb3a7bd42,Wanda,Christiansen,1964-09-26,MAN,Wrocław
4b8b6cd7-8117-406b-b2f3-344386272fdc,Rosemarie,MacGyver-Stark,1982-10-19,WOMAN,Wrocław
c4fe418a-8259-4048-b725-06eb4fd3f5a3,Kevon,Kihn,2005-04-28,MAN,Gdańsk
8b160b48-7a99-4149-b695-cec6cd0589d7,Leanna,Daugherty-Rempel,2000-03-15,MAN,Wrocław
f3dba776-38eb-4474-a5a8-8ac6a9cf0cc2,Danny,Krajcik,1953-09-18,WOMAN,Wrocław
c9b31e94-e31b-4733-921b-b419ba4716d0,Bella,Leffler,1966-12-28,MAN,Wrocław
36075d3a-dbe2-4969-a533-60ee1f5294d8,Shanel,Kunze,2004-06-29,MAN,Warszawa
bc2d4f5f-05bf-4713-9e82-70c93ea3d679,Kevon,Bode,1966-05-23,MAN,Gdańsk
e9e01a90-e480-4b62-8593-8b75adf3d960,Belle,Jast,1968-07-15,MAN,Gdańsk
95ce86a2-1bcc-42ab-a8b2-3e1828aa1b7e,Michale,Weissnat,2001-11-22,MAN,Wrocław
a61707e2-6021-48a9-b2cd-961056be8bc2,Wilfredo,Christiansen,1975-05-23,MAN,Wrocław
512083cd-8946-4b99-9f2f-4a0e72001731,Tyler,Williamson,1974-03-26,MAN,Gdańsk
551417b2-49b0-4c44-a977-4e1602416cf7,Keith,Hand,2002-04-24,MAN,Wrocław
186afd0b-6ae9-4d5a-a745-5e79717040ea,Lydia,Sipes,1942-08-09,MAN,Wrocław
00385462-b413-4eda-916a-368b5c1a5ed2,Theo,Torp,1962-01-06,MAN,Warszawa
eb12664e-fd9a-48b9-8468-d18c75f30eda,Albina,Wintheiser,1997-12-04,MAN,Warszawa
cc1bb095-dbd3-4ee0-95ed-be017d5c9d12,Josefina,Gibson,1972-09-07,MAN,Gdańsk
4ae98729-7aab-47bb-a59e-76dba8c233f3,Sydnie,Ryan,1981-02-09,MAN,Wrocław
a1218663-5b3d-411c-8880-f4d4908b35d0,Jon,Lesch,1971-06-28,MAN,Wrocław
2e4a4020-fc17-4468-be4f-594a4a1dc366,Danyka,Gerlach,2005-05-27,MAN,Gdańsk
a1bbd53e-8169-4a06-9370-b370fd2ffb12,Devan,Frami,2004-06-03,MAN,Wrocław
181b9c85-a3f3-4781-a2f7-00a506a801bb,Ignatius,Batz,1925-04-12,WOMAN,Gdańsk
9280d29b-0337-4285-8999-e45c02a20cd7,Cathryn,Pagac,1973-01-15,MAN,Wrocław
e31d4a50-6fbe-4139-8fb2-925eebfb8df7,Chelsie,Doyle,1993-05-02,MAN,Warszawa
486eceaf-c669-49bb-ab88-86950c3ab982,Armani,Keebler,1952-02-27,MAN,Wrocław
a7cdf36e-2f74-435c-8e86-d0526e219474,Lyric,Wiegand-Wiegand,1991-06-06,MAN,Wrocław
ccf12f89-4935-45c8-ba70-0fcf5cd29f8d,Francisca,Emard,1997-06-14,MAN,Wrocław
32d01471-dc69-45d3-8632-d010ff609053,Raoul,McLaughlin,1937-05-08,MAN,Wrocław
062ce053-de2d-4c26-b3d6-c3caf4a28fa4,Dallas,O'Hara,1982-08-15,WOMAN,Wrocław
59da26fd-a080-4359-93fe-5177036a8a7b,Garret,McCullough,1992-03-23,MAN,Warszawa
a3e72746-bfca-4298-9cd3-627410a5f7bf,Orion,Casper,1946-07-05,MAN,Warszawa
01cff582-ec2c-4259-966d-ff8cb739a59d,Sigurd,O'Kon,2008-12-30,MAN,Wrocław
a11d6a6d-ae22-4475-8f6d-add0925ca267,Rebecca,Ullrich,1974-03-02,MAN,Gdańsk
dc2eec92-6fa8-40ad-a26f-b1c0b7c16043,Boyd,Paucek,2013-08-27,MAN,Gdańsk
51efdf79-68e1-472e-88da-3b076a869bb2,Kiera,Cummings,1993-04-30,MAN,Gdańsk
0ba291e2-d71b-4106-878e-e619fa97d960,Alvah,Zieme,1983-05-31,MAN,Warszawa
d282a218-c4a5-424f-8a73-86c1b9b0d9da,Osbaldo,Pagac,2014-01-13,MAN,Wrocław
3c044ed6-07e4-4d1d-bf40-789b98eeeb7c,Eric,Adams,2005-09-17,WOMAN,Wrocław
1001fdb2-a54b-4919-82a4-b9842fea3ed1,Vicente,Hahn,1976-04-08,MAN,Gdańsk
b8ff5863-95ac-4860-bcc1-14c55123cd15,Hershel,Maggio,1924-09-27,MAN,Wrocław
170ae1c2-2c77-4b5a-8b54-b508bdaddaa2,Lilla,Rodriguez,1998-01-13,MAN,Wrocław
780e1a62-09ce-4e6f-8bf5-4ad384ebca72,Bradley,Sauer,2010-03-14,MAN,Warszawa
569e6868-4665-44e5-98f3-130cf7798bb2,Tara,McCullough,1958-09-30,WOMAN,Gdańsk
2100d6fc-5ea9-4f2a-ab2f-dc0358c995f8,Earlene,Purdy,2006-02-22,WOMAN,Wrocław
c68f277d-4b16-48c2-a599-fc0a8cbe55be,Lavada,Conroy,2008-06-16,MAN,Wrocław
3894bebc-3a8d-4077-b161-54c28c8d02fb,Nikko,Sipes,1983-11-19,MAN,Wrocław
ea9c0c65-75ce-4395-b483-905b30be2fb2,Jamey,Willms,1954-02-19,MAN,Warszawa
c2a1d3ce-ea6e-4af0-af27-70a2a08a55d8,Candelario,Schultz,1980-09-09,MAN,Warszawa
967e7245-5527-4fa4-a385-87b3d2371130,Maybell,Rau,1971-05-10,MAN,Wrocław
c98def3f-e2b4-437e-b0c4-dc8a99584792,Amalia,Herman,1966-12-18,MAN,Wrocław
fec21d04-5771-4d4f-84f8-f1e1c21c5c72,Abdul,Dietrich,1943-02-27,MAN,Wrocław
9efd8072-4dc4-47af-88a0-6711b3663a22,Tianna,Kohler,2012-03-09,MAN,Warszawa
1064099e-bf93-41b1-b60c-ddd50ec601b5,Ramona,Pouros,1999-10-03,MAN,Warszawa
a30a1051-398b-4b32-ac5a-109dd0d37ce5,Macy,Rempel,2008-08-15,MAN,Warszawa
f2fe9c03-d73a-49c1-a016-14b2f2532f04,Reese,Grady,1982-12-26,MAN,Gdańsk
f911c409-67bd-4344-8bee-bc05626238f8,Neva,Hansen,1989-04-05,MAN,Wrocław
7cdcd310-352f-4f5b-9e1d-073cef4cd444,Omari,Wiegand-Rodriguez,1990-03-06,MAN,Wrocław
f4f1b4dc-8593-4e5f-bfa1-1f01a0c7ea8b,Reed,Gutmann,2006-02-08,WOMAN,Wrocław
5fdb1989-e61b-46e6-bc68-c283d47db51e,Elinore,Watsica,1975-09-28,MAN,Wrocław
49847ba4-8aba-4d25-ad1a-f0f3161ef109,Denis,Hermiston,2006-03-04,MAN,Wrocław
4400e126-7b5d-47da-863d-a0021340789d,Mireille,Orn,1988-11-29,MAN,Gdańsk
c9fd5192-059f-4576-a9d8-179fe2bf3201,Mariah,Erdman,1996-07-11,MAN,Wrocław
0e8a3d00-c7da-49ad-89e7-40da1e1bedc3,Ubaldo,White,1973-02-13,WOMAN,Gdańsk
5a972146-595c-4e6e-bab0-9ef9f9f87a75,Oswald,Kovacek,1974-06-23,WOMAN,Gdańsk
4db2a400-0bea-4733-9d20-8c2e8f409a51,Gennaro,Funk,1929-03-11,MAN,Wrocław
3dcca279-959a-4e5d-b106-95c03b0508ba,Taylor,Luettgen,1937-09-30,WOMAN,Wrocław
ce45c44b-8553-4cdc-a6cd-d0e6cc055f40,Darron,Hegmann,2009-12-24,MAN,Wrocław
80b3adf8-2744-42f6-8422-be5b1cd48b58,Grace,Kuhic,1976-10-16,MAN,Warszawa
f8b7a11c-5423-4a26-b959-c78c04128848,Rasheed,Bailey,1978-05-14,MAN,Warszawa
269a6958-42e6-43e3-b71d-236bc9261b4e,Granville,Dooley,1969-05-17,MAN,Warszawa
5d760ba0-c8bd-4f98-9afc-5e3d0c1f434d,Juliet,Johnston,1964-12-21,MAN,Warszawa
04d3f07f-f5a5-48e5-b622-9d84aa907fc7,Hester,Crona,1989-05-03,MAN,Gdańsk
42b43e76-7109-49c9-8199-9612884c62e2,Kavon,Leuschke,2007-01-19,MAN,Wrocław
bf8ccc7e-a0f7-45d8-89e6-3f6dffafc60b,Devonte,Mayer,1986-09-19,MAN,Wrocław
20cd8268-69b1-4c70-b65f-93525d66c0cb,Benjamin,Becker,1964-09-09,WOMAN,Gdańsk
0f48315b-656d-4faf-99b4-5b522c546c24,Clifford,Hartmann,2001-01-23,MAN,Gdańsk
33cf4220-8af9-4113-ad59-c4e5b7c8a040,Jettie,Tremblay,1966-02-16,WOMAN,Wrocław
078330a1-b06a-4123-b1fb-50851789d3b9,Harley,Strosin,1994-04-11,MAN,Gdańsk
183a693f-56bc-4d87-81f2-76567e55195d,Dejah,Bosco,2001-09-15,WOMAN,Wrocław
a833aa11-a8f0-4d00-bac1-a290a69be078,Electa,Crona,1975-05-18,MAN,Gdańsk
4bc5b333-f08c-4a9b-b345-ca519711d1ff,Vladimir,Spencer,1982-07-04,MAN,Gdańsk
2f1d7426-7675-4d31-adad-5b859534181a,Alexandria,Nitzsche,1944-01-17,MAN,Gdańsk
e585f270-1332-45be-98fc-47b09607d49b,Izaiah,Balistreri,1966-07-13,MAN,Warszawa
52962f4c-e687-48a4-b92e-8b364e441efc,Emerald,Pfeffer,2012-12-07,MAN,Warszawa
f295d96c-aa22-4bfd-a250-db072dd696c2,Matteo,Swaniawski,1983-04-23,MAN,Gdańsk
06f9b938-1c23-4720-b6c9-6c5992933d38,Geovanny,Erdman,1965-11-09,MAN,Warszawa
e0a86d2c-91dc-416d-a2ba-3ef817f3afa9,Brian,Barton,1973-01-10,MAN,Gdańsk
b8fb4d65-ac48-4b85-a50f-2f8a172baedc,Lawson,Ruecker-McKenzie,1990-05-28,MAN,Gdańsk
cafe6495-57bd-4e61-98ee-e438c2701ca8,Meagan,Zieme,1990-05-08,MAN,Warszawa
113f2815-0af6-4292-95b9-d031b9e17cc2,Easter,Bahringer,2009-02-17,MAN,Wrocław
c1ffd68e-c62a-446f-a435-313f8e5d2fbf,Myah,Reinger-Buckridge,1977-02-02,WOMAN,Wrocław
456564b8-7646-48a0-8180-cbb8249263de,Winona,Heidenreich,1998-06-23,WOMAN,Warszawa
6eb4dcef-55f0-42b7-8246-09f358e2cb09,Courtney,Weber,1994-03-06,MAN,Wrocław
a758bf3a-2b38-4d51-baeb-3e6076d6174b,Nola,Sawayn,1967-10-26,WOMAN,Warszawa
79a41879-71d3-4c58-98e4-4576aca5cadd,Hillary,Paucek,2013-07-18,MAN,Gdańsk
2a242584-db2f-483c-a517-6ba26eafda51,Linda,Fadel,1925-11-19,MAN,Wrocław
492c7ceb-b685-474a-88bf-648b14cb6806,Rosalind,Legros,1980-03-10,MAN,Warszawa
b21c64a4-627d-42f1-8e5e-b2246641c9ed,Aliyah,Macejkovic,1989-10-11,MAN,Gdańsk
ba8849e4-abe9-4874-8322-74dd898b3290,Turner,Denesik,1970-03-07,MAN,Wrocław
7b33e5a7-c446-4a9c-9848-54651e200c6a,Bethel,Bergnaum,2008-09-05,MAN,Wrocław
7e52a4b5-a778-4189-9be0-e55e46dc451c,Irving,Runolfsdottir,1987-01-05,MAN,Wrocław
cffdf129-3769-4ae5-bf08-2f318f2f5566,Aliyah,Cummings,1976-04-08,MAN,Warszawa
8f5ec890-55de-4541-a9a0-f68496468106,Valentina,Anderson,2008-12-30,MAN,Wrocław
18eeb42c-888e-4657-8a24-ee9b0165caf6,Teresa,Considine,1969-11-27,MAN,Wrocław
f53b0aaf-b736-4a01-a21c-c13467b4c03d,Austin,Olson,1992-04-26,WOMAN,Warszawa
8ed7615a-b3ec-4258-ad82-2e4d7ab4322f,Tommie,Ritchie,1961-09-06,MAN,Gdańsk
5d3b9416-90dc-47b1-a100-5ec1ce82c4eb,Travon,Mayer,1990-12-18,MAN,Warszawa
5064b517-1734-4f57-9859-97313596b91c,Cassidy,Dietrich,2009-02-27,MAN,Wrocław
4e58ec97-1987-486f-997d-5c73b95aff2f,Dorothy,Schaden,1964-09-06,WOMAN,Gdańsk
0231e2ee-17e9-4a14-83f6-9ca151d3170f,Alden,Gutkowski,1960-02-22,MAN,Gdańsk
1ae18139-e84c-46c3-b9e7-744ffe16e478,Emelie,Halvorson,1990-11-20,MAN,Wrocław
cc106293-76af-4c79-9e1e-597a7307cb05,Rose,Ondricka-Becker,1998-10-04,MAN,Wrocław
c0b5240c-fd5d-49ab-ac56-97b18020c274,Kenny,Haley,1968-05-26,MAN,Wrocław
daba54e2-aed8-4d75-8f18-783a22b91692,Jimmy,Hoppe,1926-12-07,WOMAN,Warszawa
bce63714-3149-46e6-b0ee-5cb537ce2f83,Theresia,Nader,1989-11-07,WOMAN,Wrocław
ef472fa6-4dd9-4e18-8d29-421d8f62b65c,Kamryn,Mante,1976-04-15,MAN,Warszawa
4a0d158b-53c3-46d1-96c4-44b629ede14e,Jamil,McGlynn,2008-08-28,MAN,Warszawa
152dcbd6-aa95-4d23-9ebe-8e25d8a5fd6b,Claude,Kerluke,1984-09-29,MAN,Warszawa
edd27b84-9a9a-4a98-a044-1146976594b0,Jane,Haag,1973-07-02,WOMAN,Gdańsk
4938d2c5-8a64-4375-8cf0-93f923c8f5cb,Milton,Steuber,2011-08-03,WOMAN,Gdańsk
ff0e53aa-44e3-4665-b3d3-e1718c9982ac,Demarcus,Roob,2005-09-19,WOMAN,Warszawa
4ce87714-b50a-4994-ae62-8ddcb44e4e33,Elliot,Flatley,1979-07-06,MAN,Gdańsk
961b04d7-2718-4b6b-882e-3eb42b50d218,Brady,Frami,1971-09-09,MAN,Gdańsk
f36af5a5-ff6c-4de3-bb39-3557630718f2,Chelsie,Hirthe,2012-08-27,MAN,Wrocław
797bbb74-aaee-4b02-831b-efec54402460,Brandon,Bode,2013-02-26,MAN,Warszawa
df2c9e32-adc0-42e1-a14d-5fed761c9280,Chris,Ritchie,2012-12-16,MAN,Wrocław
2799cc89-f949-4843-b204-e28a0153ab63,Agustin,Doyle-Crooks,1973-04-24,MAN,Gdańsk
6551e606-e6af-4382-8ffb-dd60afe64305,Delia,Hegmann,1967-03-26,MAN,Wrocław
21f6c65f-a204-4ae3-9596-bde6780ea8ff,Robb,Dickinson,1929-06-12,MAN,Warszawa
2a643931-edc6-4f5c-8db4-a416e34d2af4,Art,Daniel,1982-02-18,MAN,Warszawa
7c31fdaa-f17d-4372-8a40-3377e267cca4,Edwardo,Stehr,1995-11-22,MAN,Wrocław
8523fd26-f1ed-44a1-907b-8c4fb34f20ea,Krystal,Deckow,1949-06-18,MAN,Wrocław
5cf64d3d-ceb3-4ed6-afab-db6cf856e15b,Niko,Kohler,1955-04-11,MAN,Gdańsk
28468d5b-9d5e-430e-b0f7-a211a8730dcb,Kendall,Hilll,1998-01-10,MAN,Wrocław
55581838-fe65-4f7c-af9d-ab54316117b3,Wilma,Hermiston,1993-12-02,WOMAN,Wrocław
1644e39a-9da1-4187-8bb2-e2724963ab9c,Elva,Kunze,2011-12-17,MAN,Warszawa
5ec5d175-b850-47d1-9366-fcf0634c772f,Jonathon,O'Connell,1997-10-31,MAN,Gdańsk
57e361ba-378b-4e16-8afa-ac049df9ce35,Linda,Hagenes,1972-12-31,MAN,Gdańsk
be41bcf1-f46f-42e9-8edc-c1da2803bea9,Mikayla,Nitzsche,1976-02-04,MAN,Warszawa
8058ead6-f284-4d6c-aa9c-995966c3e387,Reggie,Swift,1936-08-13,MAN,Warszawa
f5693575-6e40-4602-9b44-2dfac9d5bb1f,Elouise,Hayes,2011-07-12,MAN,Warszawa
a32990fe-5e72-48eb-b74d-19f8ef8fedbb,Jessie,Armstrong,1958-04-21,MAN,Warszawa
6c7afa95-9e28-4a9c-a778-cd03d4ad97b1,Clair,Hane,1986-12-25,WOMAN,Wrocław
4f65d0db-95fa-406d-bba2-0b2124844059,Alphonso,Cremin,2000-09-28,MAN,Gdańsk
d41cecd0-6ba4-4064-804e-c143f064e93b,Orion,Ferry,2010-01-18,MAN,Gdańsk
2b739ff0-b944-4b72-b5e3-dc95517cb240,Evan,Koelpin,2014-01-14,WOMAN,Wrocław
015f2872-5e28-4717-8eb6-c383018ad541,Jazmyne,Weber-Spencer,2007-08-16,WOMAN,Gdańsk
83e726ad-1e85-4976-a849-bac0b1608397,Kailee,Schumm,1980-10-29,MAN,Gdańsk
21a5f5cd-0084-4c2e-a396-e5790fe9e32d,Bianka,Hartmann,1935-02-09,MAN,Warszawa
b0393540-20ac-426d-94e5-020153239888,Zion,McLaughlin,1952-06-13,MAN,Warszawa
353284bd-8744-4bc3-a94c-035eb53837a7,Sylvia,Donnelly,1978-03-27,MAN,Wrocław
7eaa746a-b928-4d33-9bca-993502f1b5ef,Dawn,Kilback,2002-07-09,MAN,Wrocław
db49d3da-9f0a-4ac6-ac60-0b1644e95808,Margot,Dach,1992-04-01,MAN,Wrocław
f1fb1c14-2bcc-49e7-8d50-9e2bc0dc1ce2,Jerad,Fadel,1980-10-31,MAN,Wrocław
fda43fac-47cc-4b25-9698-1459f2b9617c,Randall,Gleichner,1988-05-07,WOMAN,Wrocław
a3fb9cfe-e8ce-4ac4-83ce-2f40fd5229cf,Jillian,Schoen,2005-02-10,MAN,Warszawa
68eac39b-3521-4b97-9577-6eea4e6ad573,Ethyl,Grady,2012-03-19,MAN,Wrocław
b35be974-6f4c-4b2d-b0ab-af4b9493a2e9,Devan,Powlowski,1970-07-15,MAN,Warszawa
1f2a90c2-2fc6-4e6e-8ad7-28cf4b542650,Thea,Rempel,1984-07-16,WOMAN,Wrocław
e79be608-25ee-4f57-b68f-18f424095602,Misty,Ruecker,2007-08-22,WOMAN,Warszawa
573baadd-27e1-4f48-ab43-a5173a6ccebe,Montana,Ebert,1982-10-04,MAN,Gdańsk
d1a4d894-7970-4318-b1d8-d372286237b9,Giuseppe,Corwin,2004-05-29,WOMAN,Warszawa
121562e0-4434-44ef-af28-5fdc2b8e97b1,Christina,Shanahan,1952-11-14,WOMAN,Gdańsk
82d87ac8-665c-460d-be51-378f7e008220,Octavia,Howell,1998-08-30,MAN,Warszawa
1d24b120-4b89-4a6c-981f-2efe0ba60b55,Oda,Koepp,1983-09-05,MAN,Warszawa
c7473189-e9b5-4f68-98d4-86b96d312445,Clement,Kessler,2012-09-08,MAN,Wrocław
4825cc2d-fd09-4177-b278-2a736f594be6,Dixie,Shields,2009-11-23,MAN,Gdańsk
11d3bbe2-c25f-478b-93a0-2b09df2992e7,Isabell,Hirthe,1965-05-27,MAN,Wrocław
59bee966-ef2f-4e32-9486-5f093135c195,Hope,Schumm,2007-03-13,WOMAN,Wrocław
6a75a9dc-cc23-4e9d-a98f-bc2bb2b34bb4,Carmella,Hills,2012-02-04,MAN,Warszawa
b2626254-e45a-4eec-949f-85bb2e8151eb,Jamal,Ratke,2000-10-03,MAN,Wrocław
96d64cea-dc12-47dd-8810-160ac7b6a7a4,Edyth,Rempel,1998-07-04,MAN,Wrocław
0ab2954c-f691-4a08-9b82-424650123008,Dashawn,Runolfsdottir,1999-08-18,MAN,Gdańsk
d609c0dc-4902-481b-9cb3-7f205fdc5b0a,Cleveland,Gerlach,2012-12-06,MAN,Warszawa
4e9ee63e-c4fe-428b-988c-a60da7354391,Willie,Huel,1990-03-15,MAN,Wrocław
cede6e3b-e9d7-4d51-a85a-59d4291f1ede,Adan,Batz,1980-08-20,MAN,Warszawa
288fa2cb-a97c-4902-aea1-439accdda587,Mekhi,Hills,1989-07-09,MAN,Warszawa
ce87cebe-3022-4997-a9de-15a56480624b,Whitney,Predovic,1938-01-07,MAN,Warszawa
abcfd9b0-d8d9-4f11-ad9d-90e74b401b83,Hilton,Lindgren,1956-03-12,MAN,Wrocław
cc75a23a-027e-4b10-874e-ab590d652251,Brenda,Gislason,2008-01-15,MAN,Gdańsk
09224e10-8696-4862-85d1-ef194d2f2a50,Scottie,Herman,1925-09-06,MAN,Gdańsk
b1d6343e-be65-4239-9a0d-5f77f9686c31,Adrianna,Crona,1974-05-25,MAN,Wrocław
a4bd59ad-c98b-4cfa-864f-9c4bd8cc0376,Brionna,Renner,2013-06-09,MAN,Warszawa
19956433-fb38-4427-8ca5-af8c51421236,Doris,Hand,1976-05-16,MAN,Wrocław
e3deae47-4ae7-4c35-8f9f-fc8689f4010c,Quentin,Nienow,1981-06-29,MAN,Wrocław
e8706e25-76c2-4f1c-9ad0-dfe8b278f582,Ruby,O'Keefe-Rolfson,1998-08-04,MAN,Warszawa
98fa9ce6-3ae7-4666-aa63-7d03ca95cfbb,King,Grant,1978-11-24,MAN,Warszawa
0ec34784-c80b-4fc3-80aa-902bd5d2287a,Florence,Kutch,2004-10-06,MAN,Gdańsk
aeed3bd7-bc47-4985-b6f2-25500060ccd5,Dina,Schneider,1975-07-11,MAN,Warszawa
e0167f0d-3e81-489f-ab90-452e70d58a87,Kenny,Johns,2011-10-20,WOMAN,Warszawa
081a5102-aeb5-4010-a8f6-47c0ea6f9273,Jerome,Kihn,1970-06-06,MAN,Warszawa
8bd426b8-59f6-46ad-96a9-ef52eeb7e7bf,Justina,DuBuque,1987-02-26,MAN,Warszawa
df0ed540-2aae-4a3c-b6f4-b11944be4a3e,Blanche,Kozey,1983-07-27,WOMAN,Gdańsk
09e5c691-19d5-4a2e-9dd0-5ed3dcedc105,Nelle,Lowe,1978-04-30,MAN,Gdańsk
ef87fc0f-048f-4fe2-98f1-3c3d44b586a6,Paolo,Schuppe,1947-08-08,MAN,Gdańsk
fbbb3235-07e1-405e-acef-f519ee58dd66,Mortimer,Smith,1984-04-17,WOMAN,Gdańsk
eade13ba-5107-451d-a999-2824d1dff89b,Jack,Kunde,1977-10-08,MAN,Gdańsk
eeb29acb-e0d6-4097-8393-87f5a2f857b3,Addison,Torphy,1973-03-28,MAN,Wrocław
b08e2bab-20a5-4603-8a6f-42a8569f100b,Rae,Abbott,2005-03-23,WOMAN,Gdańsk
394b5767-2c47-4ef0-a157-5a30522ff7c7,Laurence,Howe,1999-11-24,WOMAN,Warszawa
47480bc3-f14e-480c-80b3-412d7324b203,Mazie,Erdman,1964-12-30,MAN,Wrocław
4763c451-257f-480a-af69-5f9b440ec61b,Breanna,Medhurst,2005-06-29,MAN,Gdańsk
fda60fdf-f1dd-42ae-bd98-eba62ed667c9,Velda,Torphy,1967-08-02,MAN,Gdańsk
2724c65e-2c90-4cc5-ac84-c07d993083f3,Lucio,Abernathy,1939-03-22,MAN,Wrocław
8c547729-6652-406f-8abb-780df6c08bd1,Wanda,Wisoky,2008-01-04,MAN,Gdańsk
adb32b2b-d8d2-4231-b2f2-73caf5a4ad2e,Osborne,Bahringer,1935-03-07,MAN,Gdańsk
5e79dade-b212-4909-bcff-65df3ab96666,Garrett,Cronin,1983-05-08,WOMAN,Wrocław
548b20ab-b29a-43b3-91e1-29e06990eb5e,Miller,Kuvalis,1996-07-25,MAN,Gdańsk
70f35014-fe94-4491-afe9-876f3d18ce8d,Lexus,Dibbert,1985-07-05,MAN,Gdańsk
8dc0eaa1-2577-48eb-95e3-aaa0007e75ca,Augusta,Lehner,1999-11-06,WOMAN,Wrocław
f65a8c31-b0da-44cc-9929-04c6029c2fe1,Kaley,Wyman,2008-03-26,MAN,Warszawa
f8e39777-4f87-48eb-a364-42126ff65472,Amalia,Adams,1954-09-19,MAN,Gdańsk
4ac07d3c-9d34-43aa-9c7e-fd5748c928bc,Gussie,Simonis,2005-07-01,MAN,Gdańsk
eb2b4758-cd2c-459b-841a-3ca6e76b10f3,Jairo,Jacobs,1998-07-12,MAN,Warszawa
7e0d3585-aa90-46de-9fa5-5827abbf4850,Annalise,Gerhold,1970-05-15,MAN,Gdańsk
0e7562bc-d6ab-4065-95ef-1957951185f7,Orpha,Stark,1988-12-31,MAN,Warszawa
cddbd8f0-43e4-4bd7-bb5a-266ebb735fd5,Irwin,Yost,1954-10-07,MAN,Gdańsk
11103e7c-bd88-4001-84f4-77551e86ea4c,Lorenzo,Cartwright,1984-01-20,MAN,Gdańsk
e7d8a49e-b409-4627-a9b7-e6ba5b0e9a87,Jordon,Tillman,1989-04-14,MAN,Wrocław
142212c0-1e2f-4c7b-a2ac-4daa6fc45584,Bailee,Champlin,1926-05-06,WOMAN,Warszawa
3d34aed9-9347-463e-8879-481744bcb99e,Kassandra,Bosco,2013-02-16,MAN,Warszawa
fea186e0-6387-47c5-9275-584b73af02b5,Sammy,Bechtelar,2011-12-09,MAN,Warszawa
32872bb1-7921-44b9-9fe1-a62e7b2e4d77,Eliane,Leffler,1968-10-15,MAN,Gdańsk
0c27d669-a5d3-494c-a085-9c0215723b4f,Garret,Walsh,1969-10-20,MAN,Wrocław
6cda5de4-221e-49cb-b2b2-a635e3d99a87,Reed,Streich,1996-09-10,MAN,Wrocław
1271c146-ff9d-4bb2-a21f-bcd27542a9ab,Gerda,Zulauf,1970-10-06,WOMAN,Warszawa
43f4281c-1298-43f9-b7f0-db1b1a52d50f,Hilbert,Funk,1998-05-14,MAN,Warszawa
62206b6b-b72a-48cb-87b6-549a95127de3,Aliza,Douglas,1926-03-25,MAN,Gdańsk
fb2beb42-3cab-4bb5-806f-40ea6078bac6,Ashleigh,Bartell,1933-12-07,MAN,Gdańsk
048f611d-8a7a-4665-a5a5-dd72ed83a239,Tatum,Skiles,1989-08-24,MAN,Wrocław
0af78c92-393f-4f63-b44f-91dd0031e935,Kaden,Gorczany,1969-10-02,MAN,Warszawa
07b52826-de1c-4b1a-b41c-3fc8518b4997,Wilma,Feeney,1981-04-20,MAN,Warszawa
72b583a4-461d-4fc5-a273-42928bc93877,Mortimer,Bednar,1991-08-04,MAN,Warszawa
de5f1a4d-7cc2-4782-b1bc-39834bc74da9,Lexie,Collins,1996-10-27,MAN,Gdańsk
0e1eaa40-1ef9-435e-8a52-0abaab9c5905,Abraham,Sauer,1982-04-30,WOMAN,Warszawa
62ed2bd6-74c3-4d39-8d3a-fad1e59c1ccb,Felipa,Lueilwitz,1950-03-15,MAN,Gdańsk
82aec435-121b-47ea-b428-0d88c4c6fe20,Molly,Kautzer,1975-05-22,MAN,Wrocław
e91f5c26-d213-4879-b25e-3ff463458371,Layla,Schumm,1973-03-06,MAN,Wrocław
c41a765a-eb32-4ec8-9068-d62f8c12baed,Adolphus,Cronin,2005-09-12,MAN,Gdańsk
4bb59e33-f0eb-40e9-915e-2943487da492,Buck,Kohler-Kihn,2005-09-27,MAN,Wrocław
e6a77998-fdf0-42b5-8b7e-a69087a8195a,Hudson,Yost,1945-04-28,MAN,Wrocław
033a323a-a747-4c7a-826c-6aa38da4db30,Daren,Rolfson,1973-07-09,MAN,Gdańsk
7f6a2db6-e5f6-4e96-81e1-3ad30a009df9,Ursula,Spinka,1954-07-31,MAN,Warszawa
408d2021-91ca-4b5d-8e5f-767841679a26,Kole,McGlynn,2008-01-11,MAN,Gdańsk
7e923d3e-6fa0-42a3-accd-fedcf2a4445e,Tobin,Kihn,1982-03-24,WOMAN,Warszawa
3d24da3e-44ce-4091-9212-76c79abb7311,Verona,Wiza,1975-04-28,MAN,Gdańsk
fd33a8fc-5dac-4ec1-a6ca-05f28a1a550a,Donny,Waelchi,1977-05-26,MAN,Warszawa
bb56a2bf-3280-4d74-8349-827e2158242a,Adrian,Daniel,1954-11-14,MAN,Wrocław
c75bdb25-f565-461a-8104-7bb7da77e51e,Lucinda,Bechtelar,1990-04-27,MAN,Warszawa
350823ff-7a56-4f40-abcc-68e4a5543520,Fae,Boehm,1988-11-03,WOMAN,Wrocław
095fac6f-73e0-44cc-8e17-2eeb863318e6,Cade,Schinner,2001-11-09,MAN,Warszawa
22a77e20-bd55-4640-8647-8efe10816342,Tate,Roberts,2007-12-08,MAN,Wrocław
8359a170-9b0f-413a-872b-fa5369636883,Rocio,Braun,2005-06-17,MAN,Wrocław
83d150fe-e71c-4f53-ba8a-3ccfedea23e3,Maybell,Fahey,1976-03-16,MAN,Gdańsk
e9ed2ec2-5182-4256-aef6-9f699d333239,Jace,Hills,1976-02-23,MAN,Warszawa
97906b33-0316-49fd-a852-6329d2a18d5e,Vivienne,Durgan,1934-01-17,MAN,Gdańsk
fbcce9e8-a1b2-4fdf-9038-2555f16f580b,Alvera,Klein,2000-06-12,MAN,Gdańsk
c2cbcf19-73ce-4c8a-9552-323955826585,Delbert,Davis,1988-03-12,MAN,Warszawa
9077bbec-0f85-4b33-aec3-2c84bc8788b4,Mina,Pacocha,1987-03-19,MAN,Gdańsk
dde0fb37-b3a1-4883-acfd-7f70642871e2,Adan,Rogahn,1955-10-22,MAN,Gdańsk
e5478a7c-c1c1-441a-83fb-5dad5fca67b2,Holden,Stracke,1985-10-21,WOMAN,Warszawa
736bc9c1-6046-4cc9-a44a-b21ee0507458,Morris,Cruickshank,1974-11-10,MAN,Gdańsk
ddb40674-37ed-426b-bb3b-3b3c09f13b8c,Kayden,Lockman,2013-07-27,MAN,Wrocław
971e3430-ac68-43b7-be58-4e3af3b64e8b,Rosina,Wiza,1992-08-17,MAN,Warszawa
5ff53acb-2ddc-4cfa-95af-80ad63edaf77,Ruby,Parisian,1982-03-06,WOMAN,Gdańsk
9e95b7c0-563c-49ff-84f7-28f992b314f8,Jordi,Stehr,2007-10-09,MAN,Wrocław
5a05e199-7c47-4274-bfbc-1fd2ee922816,Carolanne,Herman,1935-01-26,MAN,Warszawa
9ea8318c-da0a-4d15-bd4b-8620f7045c8b,Nils,Abbott,1968-02-17,MAN,Wrocław
be40d207-189f-483c-bbcb-485ffc4a66fb,Lauren,Berge,1988-02-05,MAN,Gdańsk
c965c7ed-3dec-4288-b601-dcb408322c19,Demetris,Nitzsche-Welch,2013-11-29,MAN,Wrocław
8bc14b1c-4833-4b57-83ac-a038e2d09a87,Willow,Becker,2011-12-24,MAN,Gdańsk
23ac148d-2c9d-4ad3-8162-46db19bfe103,Arnoldo,Cremin-Barrows,1975-11-20,MAN,Gdańsk
5077899e-f209-4357-999f-b477f2bc97ce,Lucile,Walker-Casper,2012-08-15,WOMAN,Wrocław
b6c85b28-ce34-478f-81fe-598a838eb3c5,Loyal,Schmitt,1965-02-05,MAN,Wrocław
f344a88b-6d6b-4afc-82e6-da43999739a2,Philip,Hamill-Jones,2005-12-17,MAN,Wrocław
5d0dd957-a7b3-4f08-8eec-cdde429d72e8,Sunny,Kuhic,1970-08-16,MAN,Gdańsk
01b38486-c163-4b1e-8424-9d5d86c88775,Jazlyn,Tillman,1949-06-11,MAN,Warszawa
2ece49d7-a93b-4b9f-9eb1-a20ce775c3ea,Morton,Kutch-Hintz,1974-03-20,MAN,Wrocław
67b0facf-2906-42fc-abf9-abb6f16b3b10,Heath,Kulas,1987-09-12,MAN,Warszawa
46b3dcd8-3acb-4830-8d3e-914e43739a41,Braulio,Koepp,1992-09-26,MAN,Gdańsk
4ae5749a-7b8e-4f48-8ebe-5c14a910a4d5,Ludwig,Hilpert,1957-12-06,MAN,Warszawa
393caa2e-736f-4a0e-b6ee-c3b8e90cdb70,Ramon,Harber,2011-05-29,MAN,Gdańsk
d0c09930-c390-4c92-a33f-0ea9f0ff74a1,Shawn,Denesik,2000-09-11,MAN,Warszawa
d4e5559d-fcd5-45d5-ad56-49fb8e265dd4,Brionna,Mohr,2004-12-16,MAN,Gdańsk
a2e2e8f2-3c6b-4984-a71d-f8bdf17f80f5,Marlene,Raynor,1991-05-04,WOMAN,Warszawa
c0e00045-fc26-4b56-945d-859f73c66687,Bethel,Haag,1999-05-16,MAN,Gdańsk
5cb52237-6d7e-4298-abdc-232a1a2a5c69,Winston,Howell,1981-03-15,MAN,Gdańsk
bf9c2984-8f18-40cb-95d2-cd2089f8dca1,Lucile,Spencer,1948-02-15,MAN,Warszawa
cf5d21f2-6758-4061-866e-1f0a2a45c9d4,Ben,Welch,1984-11-24,MAN,Gdańsk
41d12eee-de2f-4858-9e47-28efd461dd81,Rae,Hilll,1981-04-19,MAN,Gdańsk
884aa418-8057-48f3-a7b4-ba51f9b3c375,Vida,Walsh,1976-09-14,MAN,Wrocław
f1bf890b-ced2-4ca3-90c0-b9a925fb8d27,Miles,Larson,1932-09-22,WOMAN,Gdańsk
6488bdb5-a308-4cbb-8720-10a765df8fb7,Justina,Mayert,2001-01-06,MAN,Wrocław
9c92db01-6ffe-442d-8d83-0587b3785228,Ruthie,Murray,1998-12-08,MAN,Wrocław
48748c9a-ea46-48da-b48a-d95cfb221920,Brady,Powlowski,2011-01-08,MAN,Wrocław
d7897910-50d6-4e1d-871b-b5dde376352f,Edwin,Nitzsche,1994-09-05,MAN,Gdańsk
7d009900-7952-47d7-ab44-2e9eba83e8a9,Loraine,Wyman,2007-05-15,MAN,Wrocław
8f60cb0c-6c01-4890-9a03-5403d1958dfe,Misty,Koch,1985-11-04,WOMAN,Warszawa
0742abae-7bfb-4acf-8360-edaec6fefdee,Moshe,Ruecker,1989-01-19,WOMAN,Warszawa
0d7d290e-542a-47ff-861e-554f7760159d,Eladio,Considine,1977-01-22,MAN,Warszawa
0e43082e-2014-4a75-a9a4-8d3c5305391b,Brenden,Bailey-Ortiz,1978-11-23,MAN,Wrocław
c5c060c0-0830-4dec-861c-067ee8f0da5c,Flossie,McClure,1929-09-01,WOMAN,Wrocław
868695cd-5db6-4439-a2e0-3d6130576bcf,Thaddeus,Rippin-Cassin,1968-08-05,MAN,Gdańsk
4fde0d46-fcba-4e5f-b162-94816d122076,Johnny,Graham,1964-08-04,MAN,Wrocław
e547a2d8-a72e-404b-8460-9d4b2fff4014,Eulalia,Hegmann,1998-01-16,MAN,Wrocław
ebece375-2980-4544-adee-77bc8b37685e,Jessika,Considine,1989-03-07,MAN,Wrocław
ba9a6f66-2372-4bbf-b833-4dbbdc93f1e2,Brayan,Hegmann,1942-12-30,MAN,Wrocław
51a96c11-b2f0-468b-ae30-85d1b6c1abb6,Makenna,Klocko,1998-07-23,MAN,Wrocław
bbc533d9-8206-4a88-bb9b-7baa7c40c19d,Clifford,King,1976-03-17,MAN,Gdańsk
6cbf4f1d-f438-47fb-bdaa-530cbea83467,Zena,Hirthe,1999-01-19,MAN,Wrocław
71db6142-d4ff-418e-bcc9-5eb1894e4035,Citlalli,Armstrong,1976-01-05,MAN,Warszawa
2c89fc1a-14a8-4cb2-bd53-334dc77ea5c0,Francisca,Nolan,2000-03-13,MAN,Wrocław
1538d317-5b55-4f7c-84d7-206b2488fdad,Monserrate,Ziemann,2002-07-06,MAN,Gdańsk
750c9d81-7e92-4d9f-93ea-af3adc67fada,Berneice,Conroy,1992-11-28,MAN,Warszawa
c658836c-2234-4d80-bb10-a277da5f7bf7,Bria,Vandervort,1987-01-21,MAN,Warszawa
f563f831-d75d-423b-984d-8d8038a7350c,Alysha,Beer,1981-01-25,MAN,Warszawa
3db58322-ff28-46a9-a61f-5fdb400ea8f2,Dora,Bergnaum-Wolf,1998-03-28,WOMAN,Gdańsk
37c0a207-d30d-4b3f-9896-a43635d86916,Mackenzie,Quigley,1934-03-25,MAN,Gdańsk
7bcb0836-80c6-4a0a-a46b-292607668489,Sadye,Doyle,1965-12-14,MAN,Warszawa
78acdc64-ea47-47e2-88ab-ee893a35cf40,Tommie,Fisher,1966-12-05,MAN,Warszawa
6ae175c3-9639-4b71-b164-9c9afc6d6bf5,Tillman,Doyle,1997-02-16,MAN,Wrocław
a03b3241-5f8d-4f0c-9566-a1f102292e05,Uriah,Glover,1979-10-19,WOMAN,Warszawa
c8218a2e-f5cc-4ed9-867c-402dde57e14a,Orlando,Becker,1967-11-21,MAN,Wrocław
b555e861-bc63-4d13-9e6d-c48da15277b9,Cordie,Olson,1947-03-16,MAN,Gdańsk
600bf720-0ca6-4b21-bc4f-2db2e84b059c,Jordyn,Williamson,1979-02-21,WOMAN,Wrocław
52d993eb-c863-4649-820c-0cf28ece6594,Wilfred,Sanford-Bechtelar,1971-12-25,WOMAN,Wrocław
2e686ae6-0118-4687-818a-447a23dcbcb6,Raymond,Daugherty,1996-01-05,MAN,Warszawa
388e88c3-36cf-47c5-8186-f28436f0e34f,Brandon,Mraz,2004-09-07,MAN,Wrocław
ee535db5-3b8a-4bba-872a-2aefaf1eee2d,Krystina,Murphy,2004-10-19,MAN,Warszawa
d516996d-9224-4379-a481-2fc733bacdcd,Cathryn,Lowe,1959-08-19,MAN,Wrocław
652a40f8-0819-4cbe-8ba7-0c0ca9f5c84a,Ephraim,Keeling,2006-11-15,MAN,Wrocław
1f19397f-3409-46ab-aa8a-ba2131265429,Kaylee,Pagac,2001-02-04,MAN,Gdańsk
3a8ab454-4d3c-4399-80f9-91e52b483f47,Lucius,Dickinson,1999-08-13,WOMAN,Wrocław
c70f84d4-cee7-4a3c-88b5-6691918cd244,Easton,Buckridge,1968-06-01,MAN,Warszawa
6b1380cd-5a6f-4eca-93fe-f15977354083,Osvaldo,Kihn,1981-01-30,MAN,Wrocław
b98f0210-f238-4556-b96e-3166db24a16e,Holden,Roberts,1986-07-24,MAN,Wrocław
1bc1e007-af4b-4c44-a61e-a40ddc0228f2,Izaiah,Bernhard,2012-05-01,MAN,Wrocław
34180a77-2cc8-48f4-9386-9a2b132b945d,Clifford,Johns,1924-10-31,MAN,Warszawa
7894151a-70a5-4234-a130-a9877a4abe60,Shanelle,Maggio,1992-09-20,WOMAN,Warszawa
faf63f38-c741-4355-be79-8ee9e83c1678,Juliet,Lind,2006-10-20,MAN,Wrocław
6a467096-144e-4c6e-a7e3-878ebc1b7414,Colt,Huel-Hickle,2009-02-07,MAN,Warszawa
6e9131a5-00e2-4c5f-9f17-a189a23d0499,Elna,Kemmer-Gislason,1967-07-14,WOMAN,Wrocław
9f0dc5a1-2083-4bfe-8e59-32f2b4f2851f,Ransom,Champlin,2004-11-15,MAN,Gdańsk
bf06172a-1d36-49e2-8040-d62c63316f3b,Agustina,Bahringer,1966-07-13,MAN,Warszawa
5fe7e9b3-57a3-49fd-8d04-1c2c158761cf,Quincy,Armstrong,1949-06-16,MAN,Wrocław
2e583dee-2c77-4406-9cf0-8a013fddd47d,Tom,Beier,2010-10-05,WOMAN,Warszawa
c3451b51-2859-4177-bae2-068bf41ea1d3,Eunice,Nader,1996-08-26,WOMAN,Warszawa
3eb62fb7-2798-43b1-b50e-84c21a8a9d3e,Frederique,McGlynn,1977-04-07,MAN,Wrocław
e7119efd-5dd9-4c9a-9d29-ae5e0929f5c2,Abigale,Satterfield,1984-12-16,WOMAN,Gdańsk
929c6f45-a6b1-446c-a128-d4938498acda,Kennedi,Maggio-Sanford,1935-02-22,MAN,Wrocław
a25fb429-3550-463f-b57f-20d4d40da868,Rose,Heathcote-Bruen,2007-10-23,MAN,Wrocław
7fcbd9da-a74e-4f1f-b61b-d8d3c8102903,Rudolph,Nicolas,1976-10-29,MAN,Wrocław
e09fc832-25de-4c6f-be9e-295a323b22c7,Kamron,Wolf,1930-04-18,MAN,Gdańsk
1e1fef46-3a55-4caa-a921-7cd6ac01eeba,Jeremy,Mann,1974-12-03,MAN,Gdańsk
57bc7671-bf93-4d9d-be5d-208fb538f184,Emile,Mayer,1985-06-28,MAN,Gdańsk
d5cb5c62-c790-44bc-9c41-0ac1a4ad8cf7,Vivien,Bartoletti,1994-01-09,MAN,Warszawa
80462cad-da53-4bf7-b730-bd1b6ae1d52a,Clifford,Aufderhar,1978-09-10,MAN,Warszawa
20a6c9d3-2bdf-456b-8f9c-8eed7820fa69,Alva,Bruen,2013-01-25,WOMAN,Wrocław
ed2fba20-9d56-44e6-aa92-abc53bb640b8,Casey,Quitzon,1941-07-15,MAN,Wrocław
1578e3a2-afc3-4f73-aa1b-19297b69f9bd,Antwon,Goyette-Blick,2001-12-09,MAN,Warszawa
cc7843ec-711e-41a1-875f-264110674c47,Daniella,Schuster,1965-06-17,MAN,Wrocław
c2acdf0f-bdb8-42af-ad6b-34d224a452e5,Johan,Halvorson,1993-01-04,MAN,Wrocław
06dc6c31-c12a-4672-bf04-b556fe35e7ae,Carlo,Pollich,1987-08-20,WOMAN,Wrocław
9772cee5-7233-4e38-8cba-4e19ada4f831,Jaden,Mann,1998-03-13,WOMAN,Gdańsk
08166f0a-8b5e-4887-87f5-a1f62214fa77,Freda,O'Reilly,1954-02-06,MAN,Gdańsk
8aeab7b0-1355-4184-b34f-c1a279d53635,Adam,Farrell,1969-10-19,WOMAN,Wrocław
7547434a-cda9-436c-afed-bf766d226ec2,Roslyn,Kovacek,1986-10-25,MAN,Gdańsk
8e1fabf7-7bd0-43df-8569-d647fd875852,Kristian,Mraz,2007-07-30,MAN,Wrocław
efbe878e-ceec-445d-bfa5-573a1abcbd47,Laron,Nienow,1943-10-31,MAN,Gdańsk
efd4986f-5be7-44b4-adb5-95589f5aeb73,Jana,Borer,1988-05-13,MAN,Gdańsk
c9cec1ec-636f-4ec2-ae90-8bdf3cdb3c8f,Parker,Gusikowski,1972-07-28,MAN,Warszawa
ef38632d-3402-49b4-9076-1f0bd8d1308a,Layla,Bartell,1989-04-28,MAN,Warszawa
96b64277-0aa7-4194-9ad1-80e367c5b247,Sophie,Schmitt,1955-05-25,WOMAN,Wrocław
3b4c69ce-dbba-49d7-baed-cac78ca3409a,Zora,Herman,1992-11-29,MAN,Wrocław
2d4f2dbc-6db8-488f-baf8-9964a677b315,Isabel,Considine,1941-09-02,WOMAN,Wrocław
a9e1f514-e9aa-4a2a-9304-3098f748a954,Izabella,Blick-Hudson,1977-11-20,WOMAN,Wrocław
b9cebff1-050e-40eb-b6bc-11123d0fd84d,Jaunita,Paucek,2001-01-04,WOMAN,Wrocław
c6e048f9-09f9-4bf1-85c3-f5617bfbe70a,Bella,Carroll,1991-05-12,MAN,Wrocław
4e00fdc0-15de-4e0b-807d-bfe0468e93fd,Manuela,Sanford,2010-05-15,WOMAN,Wrocław
e61a7539-71cf-48a6-8e04-4db23969d95c,Lorenz,Mraz,2002-01-26,MAN,Gdańsk
4643a4c9-170d-4f33-b8f4-d92756d2d733,Filiberto,Abbott,1983-04-07,MAN,Warszawa
7d3be511-3953-48d3-a4fb-5e0f9c6c37d1,Jessie,Effertz,1996-01-24,MAN,Warszawa
ff83ce35-d8e8-47a6-a30d-445075ca79d9,Andreane,Hackett,2005-06-16,MAN,Gdańsk
e848372e-5338-4b8e-ae15-d9893d559b32,Grayce,Maggio,2009-05-16,WOMAN,Gdańsk
e1b14ae9-200a-4aeb-bb34-fe598a3d0b7f,Marty,McKenzie,1998-07-09,MAN,Wrocław
72d9112d-ed43-446c-9e20-a96c7256a566,Aaliyah,Pouros,2003-01-02,MAN,Wrocław
6a648ee7-8e85-49db-91e4-df16169c4674,Noble,Osinski,2012-01-15,MAN,Wrocław
fd18e4f1-bc57-44af-a3a4-9b841d690611,Missouri,Corkery,1967-03-12,MAN,Warszawa
977e3a32-be14-45a2-9e70-4390e82e4f30,Randi,Wuckert,1968-10-02,MAN,Gdańsk
d3e98979-7aa5-42e8-9e1b-569ab7164c5f,Chaz,Von,2008-06-15,MAN,Gdańsk
dda3d84c-27c4-412d-b9f0-e6bbe3072bb4,Demario,Baumbach,1928-01-09,MAN,Wrocław
e5ca4506-7b6a-4641-8a94-5080b1a33058,Coty,Hegmann,1978-11-03,WOMAN,Gdańsk
54b6c36f-f1b8-47bc-bedc-6366c4f63c1e,Jean,Franecki,1995-02-24,MAN,Warszawa
dd98711e-0355-4181-9d9f-4e6dd6cfc577,Quinten,Stracke,2008-02-15,WOMAN,Gdańsk
51eaf513-90ee-496e-a21e-d4ae8513bb62,Romaine,Upton,2010-04-22,MAN,Wrocław
699925dd-5112-496f-824a-f82031af13aa,Alvera,Ledner,1929-11-27,MAN,Wrocław
7b21b706-5e22-48de-a540-91a36f6f63da,Anibal,Abshire,2002-08-11,MAN,Wrocław
f91bbb99-eaa8-4812-8347-fb4a4f299dd6,Ova,Hermann,2013-07-31,MAN,Gdańsk
69c22d3e-b8d1-4782-9b60-b8d3e14bca44,Percy,Yundt,1957-04-30,MAN,Warszawa
ecb53066-f6e8-48f9-bccc-e1f49a80e09c,Cecilia,Dickinson,1980-08-31,WOMAN,Wrocław
e705d361-95c5-4199-a9b4-a1a1d1ff941c,Astrid,Bashirian,1984-06-21,MAN,Wrocław
22708c91-ed91-46b4-89f9-9cb6e95d0771,Noble,Boyer,1930-02-22,WOMAN,Wrocław
0e9705f2-1a87-41af-800b-baa69738fcac,Gene,Dickens,1957-04-08,MAN,Gdańsk
36ea90c1-f2e7-47a3-9f63-806e8fd1e4e6,Loyal,Ondricka,1987-02-28,MAN,Wrocław
96a213b6-0510-40ca-8113-efc73fcad69f,Jess,Hansen,1981-04-14,MAN,Wrocław
dccccefd-8519-4820-bccb-17dcc2cf604c,Amos,Cormier,2012-04-23,MAN,Gdańsk
19f92a67-6ec2-4112-a28f-3420c051b9c9,Skylar,Gutkowski,1975-03-31,MAN,Gdańsk
db5fbad8-56d5-4c5f-a496-7e1c546d4281,Morris,Schoen,1979-02-23,MAN,Wrocław
53979ace-400a-443e-9cfa-3850ce9cf156,Morton,Mraz,1975-10-20,WOMAN,Warszawa
6d6301c5-f799-4384-8818-ba965828624d,Percival,Stokes,1980-11-14,MAN,Warszawa
13cf4539-74f1-4896-9d61-a76c500cb9b0,Blaze,Runte,2002-05-22,MAN,Gdańsk
d6a7171d-dab2-400d-b7c3-f82f86fcfba3,Kitty,Brown,2014-02-04,MAN,Wrocław
48798d60-7a2d-412d-bfc8-dbdec1eb634d,Roslyn,Denesik,1993-07-27,MAN,Gdańsk
a35e6700-50e8-49c9-9bf4-93c23ae4a0d1,Warren,Krajcik,1977-12-10,WOMAN,Warszawa
48d34cc8-c568-49dd-9e0d-1ba4330c8fbe,Matilde,Schmeler,1986-11-27,WOMAN,Wrocław
200b2d8c-62a0-46da-8afd-fbc5758a47e7,Keyshawn,Rath,2008-02-15,MAN,Wrocław
f5493207-0934-4b04-abc8-e84e4d17aded,Easter,Waelchi,1972-02-07,MAN,Gdańsk
3ac25c0a-9432-462e-b497-2dbdaa51407f,Buford,Rutherford,1988-02-23,WOMAN,Gdańsk
0edfe844-aa8d-44a8-a88d-bb2678982f04,Kirk,Kulas,1985-02-09,MAN,Warszawa
d05e38e0-26b6-4e3f-974f-fe1e35c85160,Kamron,Torp,1926-05-15,WOMAN,Gdańsk
635a5e5e-e208-4e1c-affc-79d90ffe3b25,Kenyon,Tremblay,1949-12-29,MAN,Wrocław
63ce63d0-1ed4-48bd-a96f-553de7935fa1,Wendell,Kilback,1986-09-18,MAN,Wrocław
b9fe12aa-e70a-4450-ab94-fa2a3b7fb53c,Arthur,Grady,2011-12-13,MAN,Wrocław
303c90e1-cc7f-4659-a03b-843b767b37b0,Bryce,Swift,2001-07-02,MAN,Warszawa
bd61e701-00f1-4983-8695-c9690369b158,Elena,Sanford,1976-07-08,WOMAN,Wrocław
047fc97d-6ad2-4fc9-9d0c-12afd18298be,Noemie,Connelly,1971-09-23,WOMAN,Wrocław
0fbc8d77-4b27-4df6-a742-427bb2273bc3,Elvis,Oberbrunner,1980-10-03,MAN,Warszawa
8e26e0bd-105a-4c40-ab6a-d1b6e932b625,Brooklyn,Cole,1976-03-20,MAN,Warszawa
de2c10c2-a5ec-40cc-af21-aa7b0cca8dc7,Gavin,Baumbach,1964-07-20,WOMAN,Warszawa
80f4a30f-1a5a-4e13-a092-e88792c2260f,Fiona,Williamson,2010-12-10,MAN,Warszawa
15139458-1420-449f-9c15-5199ee3a1b2f,Green,Heathcote,1987-09-01,MAN,Gdańsk
bec30cf3-6480-4f34-a940-b84efed6d0f4,Dillon,Waters,1990-05-28,MAN,Gdańsk
40cdeb0f-cdec-4e52-8a99-0f2ecbd8e8b5,Josiah,Ritchie,1989-06-21,MAN,Wrocław
58bb314a-e174-432e-8e2e-177202369405,Vada,Dach,1990-04-10,MAN,Gdańsk
1b0a0f17-b3b4-403a-8091-a13bf91f4a04,Rosalind,Murphy,1985-11-29,MAN,Wrocław
c59656e0-79d0-4c2a-b412-53d7af438681,Pansy,Jones,1949-10-26,MAN,Warszawa
4c8e069f-b574-49cb-94eb-6b58d62b7513,Victor,Mills,2005-05-16,MAN,Wrocław
ab568ceb-892d-4522-8314-5f3f59161db5,Immanuel,Beer,2009-07-31,MAN,Gdańsk
06cb0ae4-1eaa-4b73-9017-b512cfb809f2,Britney,Bernhard,1935-06-07,MAN,Gdańsk
d0c6f0fe-9a01-498e-97be-d32bdcac7898,Michelle,O'Keefe,2011-08-06,WOMAN,Warszawa
c6383928-93f1-44f3-b343-88027c5e2b3f,Moses,Emard,1996-03-12,MAN,Wrocław
909a3d59-7360-4cdc-9b28-14fe511cbd4b,Erick,Hirthe,1941-06-05,MAN,Wrocław
ec40e3d2-e865-4360-9474-9dc175d2b8b3,Valentine,Becker,2005-04-22,MAN,Wrocław
bfc57865-9035-4239-8428-1b03c6730e43,Jamarcus,Kutch,2005-09-29,WOMAN,Gdańsk
6e2aa892-5e5e-44ec-ad94-8eb5c2e20f98,Mohammed,Bartoletti,1993-12-21,MAN,Warszawa
58673d70-d932-434a-a00e-38572afccd31,Myrtis,Ferry,1951-07-14,MAN,Wrocław
8ee1268b-8bf9-437b-b15d-fde574dce41f,Furman,Luettgen,2009-02-14,MAN,Wrocław
9ef44e5a-843e-43e4-b975-53408883b189,Tanner,Lowe,1940-03-25,MAN,Warszawa
4d40abe8-5112-4cbe-baa4-d0d3736c7053,Vladimir,Schaefer,1994-03-03,MAN,Wrocław
fa2147e2-b0b0-4af0-93de-6fb16adc4963,Morgan,Walter,1972-03-23,WOMAN,Wrocław
cbcd5966-f239-4a27-8359-ad67b49c7bc4,Lucio,Rippin,1986-07-01,MAN,Gdańsk
3cf75a85-abb6-47d7-ac25-bac283ae7d02,Tobin,McClure,1927-03-10,MAN,Warszawa
0461b36b-bf10-49ec-b50f-4a04d98c2dd3,Jimmy,Rogahn-Romaguera,1982-10-12,MAN,Wrocław
b0d9e4ed-27a4-48f9-a455-592db2d7fb4a,Elsie,Collins,2007-07-01,MAN,Wrocław
304809d9-62ba-40e4-89f3-e887ab86e7f6,Kavon,Gulgowski,1968-12-08,WOMAN,Wrocław
6f9fc2d9-e6ec-418c-87ca-23ca80c0f3a6,Dessie,Lueilwitz,2007-04-13,MAN,Warszawa
9170f99b-2633-4807-a9c7-deda2e12af6f,Osvaldo,Abbott,1979-05-03,WOMAN,Warszawa
681400ae-412b-40fd-98fd-c02567e8982d,Ibrahim,Bruen,1999-01-27,MAN,Wrocław
3390f946-20a8-41fb-9a6b-5e421b28ab00,Leif,Klocko-Wintheiser,2002-12-25,MAN,Wrocław
f45f087f-4fa7-4786-982b-c3012d4400db,Cristobal,Powlowski,1966-11-13,MAN,Warszawa
d3ea256d-e1a7-4df7-bc05-c56d75c17fe3,Friedrich,Hodkiewicz,2007-10-06,WOMAN,Gdańsk
b582bb8b-0abb-4633-81aa-d234a284a2d0,Torey,Conn,1989-09-07,MAN,Warszawa
cd5aef74-87e9-469e-bc04-fffedc6d1243,Lillian,Smith,1934-08-31,MAN,Warszawa
e4ffa9ad-01ee-440f-b406-c6f98a8217af,Andrew,Dooley,1958-11-07,MAN,Gdańsk
f5b0501e-2c35-4d77-a9e7-932402b5d1c0,Angelita,McGlynn,2007-01-17,WOMAN,Warszawa
79852bae-0a57-4243-b43d-e04de96c5295,Khalid,Gleason,1971-09-06,MAN,Gdańsk
67f51b63-5e09-43fc-922e-c18485428ac9,David,Anderson,1980-10-05,MAN,Wrocław
53299d1e-e97e-4e18-8b68-51c1d0425672,Norberto,Roberts,1985-04-24,WOMAN,Wrocław
42ae0d6a-bd14-4f9f-a00b-ab30022d57c6,Cody,Witting,1924-06-18,MAN,Wrocław
39bb9f49-1bed-4092-a308-4bae7d6f8b78,Marlon,Hills,1993-01-04,MAN,Wrocław
9c8ce7af-e3c9-404a-834b-69b9cf60111d,Sadye,Pouros,1977-09-12,MAN,Gdańsk
7a817f4a-02d1-4914-af3e-87d4d02ab3ef,Nasir,Schneider,2000-05-11,WOMAN,Warszawa
ea271479-c48b-46cd-a20f-4c0338e7519d,Margarete,Franecki,1942-12-15,MAN,Gdańsk
823c7fdb-6163-4734-a5f3-3b3f6fbdd2e5,Izaiah,Kris,1997-06-01,MAN,Wrocław
ea9c21cc-690f-49cd-8788-a78efd858730,Coty,Conroy,2013-08-26,WOMAN,Gdańsk
bc0b6104-82b3-4142-8ce0-ef0c6df2a742,Titus,Hettinger,1991-09-30,WOMAN,Wrocław
95ce149b-1b9e-4239-957e-b87f156236b6,Agustin,Purdy,1955-01-07,MAN,Warszawa
42d6a7e2-028b-49e8-912e-2059c5d11775,Celestino,Pollich,1998-05-28,MAN,Warszawa
fc24e1d7-4a40-43aa-ba90-0ec3b6fa830c,Fanny,Turner,1979-11-20,MAN,Warszawa
ae3ee96e-4f4e-47ae-b8cb-d1a461920f8f,Kira,Gulgowski,1978-04-02,MAN,Wrocław
3452ebca-2ce6-4b51-add9-9534d2f242bd,Jonathan,O'Reilly,1964-12-16,MAN,Wrocław
1fc710ac-0e43-4a60-bbae-996b05038740,Lazaro,Bogan,1936-02-10,MAN,Wrocław
fe0cd322-47fc-4e63-bb49-24c500a0f9f9,Haylie,Renner,2004-09-21,MAN,Gdańsk
1015b5cd-a567-450f-9ee4-15d2f600ecd5,Katheryn,Crist,2005-04-18,MAN,Warszawa
01a97164-033d-4e98-9d14-4eba44fbf379,Linwood,Schultz,1967-02-10,MAN,Wrocław
b791c113-1365-4b76-a5e0-5e80bc8f0d42,Ryder,Wisozk,2011-12-04,WOMAN,Warszawa
3ea7034c-0b4d-4ca0-951d-6627aaaac594,Noemi,Hartmann,1986-09-14,MAN,Wrocław
9ff9b741-47fc-49d5-a5cd-b4d56ec8dcfc,Gerry,Metz,2000-07-03,MAN,Gdańsk
cd55b3c1-2605-47eb-8d47-74a92003a08e,Stanley,Brekke,1975-10-16,MAN,Warszawa
ce5d3f7d-a40b-47e4-b39a-1f9f58d657b2,Myriam,Brown,1980-01-18,MAN,Wrocław
44eacdd6-e77d-481f-b7c2-7d37653ea520,Heloise,Green,1942-10-31,MAN,Wrocław
db6bbd5d-4066-4000-9f6a-37ecb47540cc,Clarabelle,Green,2004-10-14,MAN,Warszawa
49fd7244-ca36-4669-aff7-99f475bfac6c,Angel,Schaefer,1928-07-23,MAN,Gdańsk
8fc41e43-23d6-4753-abba-a6c97fb50e68,Maggie,Kulas,1976-07-25,MAN,Wrocław
16dba0c5-4e14-464f-997a-2b5a04c42cab,Bryon,Christiansen,2011-01-02,MAN,Warszawa
99c9ff38-32a7-465d-af90-175891773f7a,Alfonzo,Corwin,1960-03-17,WOMAN,Warszawa
356ea1a0-b850-451d-96c1-e5da7961f08b,Alexie,Collier,1944-09-27,MAN,Gdańsk
4fb42f04-ecc2-410b-a27a-9eb5ec997e39,Erich,Jacobs,1990-04-23,MAN,Gdańsk
0f3cefef-72ce-4ea5-9da7-b871a7b2b534,Alicia,Green,1930-02-19,MAN,Gdańsk
e165c488-1409-49e6-8a5c-d74a0acfeedc,Delphine,Brakus,1983-10-26,MAN,Wrocław
a8bd778a-6d81-49e6-92b1-5de3056b8e92,Mack,Schimmel,1966-01-18,MAN,Wrocław
a39df50d-403c-4a64-aed1-3794ee4b4668,Allie,Mills,1939-01-20,MAN,Gdańsk
22d1722e-c3f6-4c9d-866d-1a4777dcd641,Buford,Reinger,1996-10-23,MAN,Wrocław
e47305bf-7633-464d-8456-a8c55a7c8b86,Anissa,Reichert,2009-08-04,MAN,Wrocław
06546354-d4db-4dee-8fff-30e4cc4af303,Scotty,Hackett,1996-11-04,MAN,Wrocław
a5ff15a7-eca0-402f-a7fa-85c859e0a02a,Candida,Ziemann,1983-10-04,MAN,Warszawa
f29bce89-21de-4c24-9f16-7e212d777897,Glenda,Schmeler,2000-11-14,MAN,Warszawa
95f03347-59ae-4fbe-b62d-ea3f20671231,Mary,Murphy,1948-08-14,MAN,Warszawa
7007213a-5de6-4ce9-9a0b-d99719e5de0f,Damion,Legros,1930-11-03,MAN,Gdańsk
c42108ae-b9eb-4d57-bc31-524ddc045616,Adolfo,Raynor,1984-09-29,MAN,Wrocław
42bb1fa8-6a96-4153-bba9-2c92f684fc81,Marielle,Schneider,2002-06-26,MAN,Warszawa
2174b4c2-68f3-4c72-95d9-f44b22d73cf7,Doris,Goldner,1933-10-11,MAN,Gdańsk
3b92be3a-75ef-4a14-be01-43e32cbc2fda,Johann,Ziemann,1976-06-09,MAN,Warszawa
936d38b3-555f-4423-9f1b-667caede2403,Josephine,Jast,1940-06-16,MAN,Wrocław
feac3f69-5a43-40c8-aac8-f64471adb1c4,Mathilde,Schumm,1992-09-28,MAN,Gdańsk
7823a9df-3a76-46f2-82c1-8b549a5e267a,Henri,Gulgowski,1995-05-10,MAN,Wrocław
66a65440-d527-4f8f-979b-f5ca0af9b1d9,Herman,Orn,1967-12-03,WOMAN,Gdańsk
e891812c-c2c0-4a1b-b40b-d805fa097792,Josefa,Gutmann,1980-02-17,MAN,Wrocław
5a7d0575-5094-4bb8-8061-6eef8bc61212,Orlo,Wilderman,1976-11-08,MAN,Warszawa
1494d659-24b0-4317-be9b-a2be861e1483,Mae,Ondricka,1982-01-21,MAN,Gdańsk
2d9221e9-badf-40a0-9cc0-dd8f832dd8dd,Alysa,Emmerich,1993-05-19,WOMAN,Wrocław
0b8de3e0-533d-48ac-85f2-739335e98bdb,Conrad,Thiel,2013-09-18,MAN,Wrocław
7896a98a-60a8-4bed-bfec-3fcf27abcf79,Hank,Boyer-Baumbach,1992-12-18,MAN,Wrocław
4a1b07a9-bd2c-4f9a-b51c-3494cf23ab29,Citlalli,Koch,1996-10-15,MAN,Wrocław
2962c873-e77a-452a-8bf9-0b796e60f489,Jayson,Price,1987-02-16,MAN,Wrocław
6a6796ea-c2c2-41eb-b931-3df478234c94,Agustina,Corwin,2000-05-01,MAN,Warszawa
ad990706-e531-4023-aa1a-1464267774a0,Hollie,Stehr-Schuppe,1968-07-29,MAN,Wrocław
c8b2e9dd-c8a1-4939-80e7-386dab26073e,Osvaldo,Kuhlman,1945-07-21,MAN,Wrocław
ba8d28b8-58e4-43b3-8d5e-902c33590023,Nikolas,White,1969-09-25,MAN,Wrocław
388f1baa-aef7-40a5-be01-d9608ba6f847,Alfonso,Wehner,1977-01-26,MAN,Wrocław
6b3aaa7a-81d1-40c2-bc9a-28191f2e92a1,Walton,Hilpert,2008-08-19,MAN,Gdańsk
d1651b2f-0ded-4185-8727-9276df5d25a1,Bryce,Koch,1965-02-10,MAN,Wrocław
39390e8d-eca7-498f-ad3f-9e3c48721b59,Tomas,Ferry,2009-03-03,MAN,Wrocław
5470b67f-9266-4d27-bcf2-7a9bc5b64766,Martina,Cartwright,1968-12-22,MAN,Gdańsk
ec6f9eed-1518-43ba-beb3-112d6ade3e1b,Max,Walsh,1994-12-10,MAN,Wrocław
d8dfbede-1119-430c-b5f0-04f99b49f0aa,Anibal,Sipes,1979-01-26,MAN,Gdańsk
a21aa935-645a-430b-a9d6-c6a5189c4716,Amy,Hamill,2004-07-07,WOMAN,Warszawa
4ebbf090-b2a2-4937-b034-b0da46465953,Nicola,Rippin,2011-06-16,WOMAN,Wrocław
f9163fc0-7032-470d-8a13-5d1e8b4e2628,Shaylee,Ferry,1965-04-04,MAN,Gdańsk
f2486c91-d04a-4f8a-a0a7-745ff49a886a,Beaulah,Kreiger,2013-12-05,MAN,Gdańsk
05b1066e-b069-4b37-a356-813d625def48,Yasmine,Carter,2012-04-08,MAN,Gdańsk
09a867fd-bcdc-4406-9b36-b5ffaa6465dc,Alphonso,Ebert,2007-03-20,MAN,Wrocław
0ccd72f4-1f72-41c5-8900-0e026b90f5ff,Issac,Wunsch,2010-01-05,MAN,Warszawa
46458a04-2f7f-48cb-bd1b-c734464e4eb7,Mallie,Waters,1969-10-15,WOMAN,Gdańsk
f32a17ae-7825-4987-a1ea-33119900f4c0,Jerod,Jacobi,2014-03-15,WOMAN,Warszawa
aeb4e45f-e0e6-492c-937a-470e8347f181,Megane,Pfannerstill,1992-08-31,MAN,Wrocław
b3d2936e-cd29-48de-8eed-6fe0578ab9b7,Albina,Wintheiser,1957-12-20,WOMAN,Gdańsk
7133aca1-029b-4393-9c2e-963d458f3b3b,Zena,Will,1950-05-03,MAN,Wrocław
5491a640-5a62-49e7-980e-079e7fffefc0,Alisa,Hammes,1980-02-13,WOMAN,Wrocław
f4f4a81b-a10c-439b-9f10-da2b3e9a9fab,Candice,Kreiger,1957-07-24,MAN,Warszawa
c03dfd15-e4d6-4958-a1d0-7caf466c0567,Golda,Koss,2010-07-10,WOMAN,Warszawa
8538bad3-5f92-4ee1-9612-f5b905f654a0,Erich,Leffler,1969-06-13,MAN,Wrocław
d60faa91-a580-4f2a-a47d-2350f817a659,Reta,Aufderhar,1930-05-28,MAN,Wrocław
1c43e4fb-de84-46e4-8f4e-f1b3ab85db07,Lela,Goodwin,2011-12-14,MAN,Wrocław
8c59380f-c721-4e3e-a119-6507be670c68,Marta,Schulist,1967-03-22,MAN,Gdańsk
23a7546a-dfa9-453d-9049-af81fb67ee9e,Marietta,Abbott,1929-05-08,MAN,Warszawa
c9ddca9c-1fdd-4db4-81c3-bf64211751d4,Emil,Hand,1925-11-09,MAN,Gdańsk
8261db13-9301-4ff2-aa21-a602a070307b,Keshawn,Harvey,1957-05-06,WOMAN,Warszawa
da95a31b-fb3d-451d-b128-814208c80984,Kiarra,Emard,2008-01-27,WOMAN,Gdańsk
8363f4ff-2606-43d0-a20c-c29c2ab9adc8,Clemens,Homenick,1995-02-16,MAN,Gdańsk
5594a8e7-90fa-4bf9-b185-b6afbd443633,Jeffry,Lind,2011-03-08,MAN,Gdańsk
c2895445-28c2-42f1-bbea-1e17d3954256,Everette,Moore,1942-08-02,MAN,Gdańsk
9194abe4-7831-41b6-b93e-b7fe265af009,Jamir,White,2013-12-03,MAN,Gdańsk
9f29043f-eb3e-41b4-b42a-f215733db41f,Lilian,Schinner,2000-03-12,MAN,Gdańsk
fee00d22-4d4d-4f54-ba6d-946f3e16ca53,Serena,Davis,2005-08-12,MAN,Gdańsk
7f9b187d-6801-442b-868c-53b5eb62e996,Harold,Bartell,1943-11-12,MAN,Warszawa
80ce49ce-fc09-49fd-8c2e-44dd6f65582d,Toni,Jacobs,2010-12-03,MAN,Warszawa
d9d08e19-56dd-4237-9010-3e8200924231,Dion,Blanda,2006-05-09,MAN,Gdańsk
a5d28de5-1e00-4649-9829-5f39bf2b2a80,Alfredo,VonRueden,2009-09-12,MAN,Warszawa
3e2e78d9-fac9-426b-bc03-0f7d1df44bbe,Kasandra,Russel,1994-03-28,MAN,Warszawa
5fc8e420-651b-4ba3-b8fb-0e9dc0268a57,Boyd,Thiel,1983-02-15,MAN,Wrocław
ee11aeec-ea16-4579-80ef-e76d58aba704,Minerva,Swaniawski,1991-07-09,MAN,Gdańsk
85a262d1-a031-4075-941c-2ecfd2a8f381,Nella,Kohler,1983-11-19,MAN,Wrocław
73ea070e-67fb-437e-ad67-b3ee11850313,Alanis,Collins,1949-03-18,MAN,Wrocław
c9f1220c-e32e-43ca-99d4-638db4258738,Eloisa,Okuneva,1979-04-02,MAN,Wrocław
95c04300-32ef-472b-a995-c3f2b515ba24,Verna,Marquardt,1988-09-05,MAN,Wrocław
15578857-7fed-44b3-bd55-fb7e5a8966bb,Blake,Wintheiser,1926-09-20,MAN,Gdańsk
f6829e5a-8c20-4a9c-835c-c0a3f0c1d758,Melyna,Rau,1987-02-19,WOMAN,Gdańsk
91081380-c133-4c34-b0a6-0b4f94e8b224,Bennie,Auer,1987-01-10,WOMAN,Gdańsk
e257110a-e936-4e91-9f03-1623002df5a0,Eloisa,Jakubowski,1924-08-02,WOMAN,Gdańsk
3b92c986-9adc-4487-b193-f41d110399c1,Lyda,Cronin,2013-07-08,MAN,Wrocław
0c62f544-ad0a-4ff0-9c85-db1200698dc3,Reta,Mraz,1968-12-22,MAN,Wrocław
ba01d8f3-5053-4ad0-8a6b-77ccf564cbd8,Ernestina,Denesik-Bashirian,1985-05-08,MAN,Warszawa
a3be7366-c413-4392-86fc-68f8ed814256,Bria,Becker,2004-07-18,MAN,Gdańsk
fa747128-2683-4c40-832b-c69d77d3c0fc,Hyman,Runolfsson,2009-11-27,WOMAN,Wrocław
d0e6c450-86a7-48cb-bd21-8d4797b6f2bc,Melvin,Wehner,1997-11-15,MAN,Warszawa
743dc70d-7dd8-4978-91f4-bea26f5c35a3,Scarlett,Becker,1992-06-16,MAN,Gdańsk
53e09a22-5d5e-424e-8859-40936a5e0d16,Carter,Ratke,2012-05-06,MAN,Wrocław
64756153-c9b6-49e6-a637-686a08fec867,Jamey,Kuhlman,1978-04-21,MAN,Warszawa
d6cdf202-56c0-4538-9cbb-e3cef83a7d6d,Jermain,McGlynn,1946-07-31,WOMAN,Wrocław
c5e69d3e-3ba8-4306-8d89-ec6116aafe23,Phoebe,Fritsch,2004-10-14,MAN,Wrocław
1a03a5c2-8e9d-4e5d-acf4-1c8c11adb5f5,Dagmar,Dietrich,1940-05-24,MAN,Wrocław
137e74cb-e37b-4630-aa1d-cccc8b8df57c,Quinn,Braun,2014-02-04,MAN,Wrocław
4408d4bb-99b3-4a79-b998-a768ea969942,Destin,Morissette,1997-02-23,MAN,Wrocław
77f186a5-0b73-45c4-be0f-266538dd39ee,Rosalee,Kling,1991-08-31,MAN,Gdańsk
4ca98e02-cebd-4019-8803-ffa52a30b833,Casey,Orn,1967-05-31,MAN,Gdańsk
2a257395-c89f-4d3d-b380-6002e479b957,Bennett,Bernier,1963-02-17,MAN,Gdańsk
9a633417-8356-46a4-b5f9-43f77aaf6001,Carmel,Rohan,1970-09-22,WOMAN,Wrocław
7fad5d7e-6455-4781-9b4d-b03e57f9197b,Kenneth,Toy,1966-01-08,MAN,Gdańsk
1b9e1e0b-bf0b-4921-bbd6-3f7fb19e903c,Vernie,Mitchell,1991-10-02,MAN,Gdańsk
176ef7f5-07ec-4322-bdea-1e40d2cc13bc,Ronaldo,O'Keefe,2004-03-27,MAN,Gdańsk
5f157871-14e5-4dd2-b66a-44a4dcfc8bfe,Green,Wuckert,1998-09-06,MAN,Warszawa
f3220e33-862d-49fe-8e4c-8ac516daa8f8,Arden,Hane,1992-11-12,WOMAN,Wrocław
a496bab2-bea3-4795-847d-0e1add0da5e8,Arnulfo,Hegmann,1975-04-29,MAN,Warszawa
4129043e-8eb1-42f3-9857-b9f22067fda9,Yolanda,Mueller,1958-09-10,MAN,Wrocław
689def59-18f3-4c71-a35a-4f3750a6fc3d,Delbert,Boyer,1941-08-17,MAN,Warszawa
dd90ae7d-f3d1-4ec0-9805-0683b74b2846,Maude,Towne,1978-12-30,WOMAN,Wrocław
d6877ba3-01d5-4bec-bf1e-a58bf54d3424,Derrick,Walsh,2011-06-13,MAN,Gdańsk
59d83ea1-62e3-4a72-bd6a-d01df84622c1,Kendall,Osinski,2009-01-18,WOMAN,Warszawa
42ba1099-89fd-44cb-ad34-64bf58e46a84,Elna,Kshlerin,1927-10-27,MAN,Gdańsk
e4a2243b-eced-470e-8ece-91dd435dd027,Deborah,Yost,1968-07-25,MAN,Gdańsk
0084cc6c-9f6b-4038-ab6c-2d6c10f8bf73,Bailey,Leffler,2000-07-03,MAN,Gdańsk
50e35523-da46-4b3e-af84-60604d91232a,Hobart,Wintheiser,1999-04-02,WOMAN,Wrocław
1d496c8b-5eea-4fad-877f-a930a2eebe31,Isom,Kohler,1931-04-11,MAN,Gdańsk
0f9f72ff-7456-4781-a493-0f363893acc8,Abby,O'Conner,1966-08-04,WOMAN,Warszawa
095c974b-c627-4505-9bdf-7b54cbdeef7d,Angus,Cassin,1955-02-13,WOMAN,Warszawa
792b89d5-db47-4759-8263-fc867b8c8995,Marshall,Thompson,2011-12-10,WOMAN,Warszawa
65b70c06-b9b0-4132-83a3-d05c972f37c7,Tomas,Dicki,1984-10-29,MAN,Warszawa
9206d2c9-16ad-4bd5-b85c-bedf581329a1,Autumn,Keeling,1990-01-29,WOMAN,Gdańsk
d799e0cb-7009-4748-a93e-5448f503c281,Kiel,Russel,1993-10-26,WOMAN,Gdańsk
a9f102b2-7b71-406f-81e5-ab835fb3150b,Gia,Beier,2013-01-28,MAN,Warszawa
460af002-9c95-4156-9eca-376bb7a40e57,Gus,Dibbert,1950-12-21,MAN,Wrocław
02316e3f-977a-43fd-b09b-df931b1b71d6,Belle,Ziemann,1974-04-16,MAN,Warszawa
fd2118d5-656a-4508-9644-5fc44630bcf1,Hunter,Emmerich,1936-06-14,MAN,Warszawa
ca9ce4c6-d9d7-402f-956a-2bfcbae3e11b,Abagail,Rau,1983-01-13,MAN,Wrocław
84e8761b-8ba5-4a62-8055-8ede67e033e6,Keegan,Lakin,2005-06-25,MAN,Warszawa
11111165-ea7f-4927-a820-c5abfe85caaa,Kylie,Predovic,1990-05-11,WOMAN,Gdańsk
c46b61ca-7dec-4bab-92d7-63a411d09ff3,Lavern,Stroman,1939-05-28,MAN,Gdańsk
e451b4f2-b519-4bf1-8960-d157572f2421,Christa,Keeling,2009-10-04,MAN,Gdańsk
5d129ccd-bf5d-4a75-9687-ef63fdf48167,Amiya,Sipes,2001-05-18,MAN,Gdańsk
6c0598b2-50ae-4263-a467-fb4e21012d20,Conner,Rowe,1927-07-09,MAN,Gdańsk
325ddf22-f90c-4a86-bcdf-3ce7d646fce0,Ashlee,Moen,1967-08-31,MAN,Wrocław
b74a2c2d-a659-4f69-84cf-8833932cd2e5,Ceasar,Paucek-Lockman,1990-09-02,MAN,Wrocław
d64a3b16-423d-4ed3-b349-21d111fbf066,Mose,Runte,1952-10-13,MAN,Gdańsk
ae5d904a-8743-4567-bb51-ae1486c6590c,Euna,Towne,1985-04-18,MAN,Gdańsk
b7cafb62-857e-47b6-8c91-2272a4bd6c40,Percival,Bartoletti,1989-08-16,WOMAN,Wrocław
c9787485-d81f-44af-84c4-33365ef3e9ec,Don,Beahan,1985-12-13,WOMAN,Warszawa
b0ca88ce-0e02-4438-972e-b1546f8ba7cc,Fleta,Rohan,1949-01-13,MAN,Wrocław
26801dbc-022c-4bb8-b1c7-18ff5c1ad83e,Burley,Mann,1961-02-11,MAN,Gdańsk
86745ec3-0033-4bf9-b806-961ff34e781c,Joey,Stracke,1980-09-29,WOMAN,Wrocław
c232f82a-5d6b-4aaa-b1ae-6c9c2433ad99,Alysha,Kozey,2011-02-14,MAN,Gdańsk
88ada195-2896-4d6b-bded-debacbec6abc,Zelma,Osinski-Jacobs,1991-05-26,MAN,Wrocław
923f14db-671a-4cc6-845e-153c8b059987,Elinor,Gutmann,1950-06-25,MAN,Gdańsk
a0c35a1b-f03e-42c0-89d3-1fbb67316f85,King,Morissette,1981-05-22,WOMAN,Gdańsk
8b557ae1-2b1d-4e06-9245-1c59d08f5448,Alberta,Luettgen,1990-11-04,MAN,Gdańsk
3a7fd6f7-a4bc-41cb-8c4f-787d252ce4ff,Ryder,Collins,1960-08-31,MAN,Wrocław
1a060690-328d-4139-9fca-6c48121c714b,Beryl,Ebert,1980-08-05,MAN,Wrocław
64be1f0f-32d4-409a-bd5d-1dbc7fc31a16,Dave,Schumm,1965-06-19,MAN,Wrocław
388cb94c-184d-4d28-bd9e-3a4df9e18df5,Moshe,Skiles-Schumm,2012-05-29,MAN,Warszawa
14ad2726-56b0-4555-bdfb-1a3a420fa0f0,Julius,Fritsch,1972-10-01,MAN,Wrocław
44247717-5e22-463c-89e1-ea57dd1951a7,Carolina,Gleason,1983-07-25,MAN,Wrocław
16b3534b-c2e2-407d-9e98-b4b07189899e,Meda,Anderson,2001-01-16,MAN,Warszawa
49c4ed3a-c197-48b2-b6cc-4c943c93c383,Asia,Zemlak,1984-01-16,WOMAN,Gdańsk
da043cce-ebb1-413f-aeea-b45722331354,Brad,Treutel,1997-04-09,MAN,Gdańsk
1433d400-c2c5-47d3-96a7-b3887d9e3b14,Tamara,Wintheiser,2007-02-04,WOMAN,Wrocław
5b155129-78e8-4cb5-8659-cc9b847d3861,Darby,Hayes,2000-08-13,MAN,Warszawa
a5b6be15-66e5-463b-9d39-66f800a346db,Liza,Ernser,1992-05-02,MAN,Gdańsk
7afe1490-f00f-4370-8f3a-6317083d2689,Sherwood,Cummerata,1989-03-06,MAN,Warszawa
df4999b2-ebe0-4c13-bb67-46529adbacc6,Laurianne,Bergstrom,1963-01-08,WOMAN,Wrocław
d9346018-d130-4165-8991-6f708fdd5858,Cassandre,DuBuque,1985-09-12,MAN,Gdańsk
b213a792-ebd2-4ff7-bc4b-d906a27c64ec,Anabel,Gerlach,1979-09-01,WOMAN,Gdańsk
f2cffaf4-5412-4977-b080-ad0d297ea4b3,Kristian,Kuhlman,1979-09-14,MAN,Wrocław
2ac67d1f-21f5-4441-b778-8c8646f789b2,Gregorio,Rohan,1981-09-28,MAN,Warszawa
bf0ecbeb-0bec-4bd2-84d5-7a31ef0310f6,Valentin,Rutherford,1982-04-09,MAN,Wrocław
a786bd64-67c3-40e4-9d76-63238ec361d3,Eda,Waters,1938-10-19,MAN,Warszawa
8058c541-2e23-4662-860a-88981e516206,Jordane,Champlin,1983-12-03,WOMAN,Gdańsk
dd21ed11-d612-4d30-9ffa-137bf2737cde,Ashleigh,Douglas,2006-10-05,WOMAN,Wrocław
49612ac0-c2ae-4440-b5cd-86e0a6fd65f7,Taylor,Wisoky,1977-12-05,WOMAN,Wrocław
f0b45655-5ca7-46c5-b23c-860777b2dced,Bo,Gibson,1973-04-05,MAN,Warszawa
6430db23-4d4a-493f-9a10-67110eb9a907,Mariano,Fritsch,1962-10-28,WOMAN,Wrocław
0080b40c-ed26-43d7-b1fe-a3ae2b17c3fa,Thora,Rowe,1931-12-30,MAN,Warszawa
ed815197-3fd5-4167-93d3-f3c027e80e0f,Julie,Corkery,1969-09-13,MAN,Gdańsk
39325fd8-d6da-42df-b285-8391082c87ab,Kara,Wolff,2009-10-21,MAN,Gdańsk
c69bd191-2dbb-43ac-a8e3-c451eca66f34,Justus,Yost,1988-02-05,MAN,Warszawa
fe98f5d5-4776-4234-9e88-65da38c7cf34,Arnoldo,Lemke,2007-02-12,MAN,Warszawa
4b291352-f036-4bc3-a0ed-d13b7b9078a2,Lewis,Labadie,1983-09-14,MAN,Wrocław
e027e055-5ee8-47d4-a172-f1dd53e6e19b,Steve,Pagac-Stehr,1927-10-22,MAN,Wrocław
013e3f09-331d-4967-8729-90f3eafb6d4b,Orrin,Hilpert,2008-10-02,MAN,Warszawa
8751e2e2-f394-40f1-9371-bd821998778b,Aylin,Goldner,1981-10-14,MAN,Wrocław
738a3097-4110-4788-8852-018b60b9e4fe,Sabrina,Gutkowski,1986-05-15,MAN,Gdańsk
a8024eb2-a496-4253-9173-77b8a63f5b26,Madaline,Abshire-Kassulke,1947-05-23,MAN,Wrocław
22575e39-23e6-495a-8cf4-845627ed3154,Mandy,Rippin,1974-07-06,MAN,Warszawa
874d9596-386b-4fc8-b046-a83404b086ae,Leif,Conn,1985-07-27,MAN,Gdańsk
d2569591-65c0-41ba-add3-0851455ac22b,Walton,Johnston,1993-01-07,MAN,Warszawa
81b91a74-85a3-4932-95c4-259e9253863d,Osbaldo,Waters,1987-11-13,WOMAN,Wrocław
d7b325c5-910c-4f51-9d31-cf7a99b7eafc,Frances,Strosin,2008-07-16,MAN,Gdańsk
5e6ed849-21cb-4150-8727-f2bae2ce9501,Ocie,Auer,1946-09-23,MAN,Warszawa
434cd86c-4b1f-42c2-8528-1f2d72fb82ed,King,Hirthe,2014-02-02,WOMAN,Wrocław
37fa80fd-d41e-43b4-8d47-4c81fcaadd3d,Jace,Labadie,1999-05-15,MAN,Warszawa
bb6ed9f3-9efa-4927-b8f7-d70b62a964cd,Virgil,Kshlerin,1964-10-15,MAN,Wrocław
838080e2-168b-4af3-9ea5-de42c234ab8d,Leatha,Gibson,2009-08-07,MAN,Wrocław
78fa1fcd-12fd-47b0-b0ad-d9c996939fae,Fredy,O'Reilly,1928-08-01,MAN,Gdańsk
98a65ec4-fd57-4bfd-9378-28cef34cf34a,Mercedes,Corkery,2011-06-15,MAN,Wrocław
a1c2592a-af4b-4319-b978-f49927091766,Austyn,Boyer,1973-08-15,MAN,Wrocław
cd0aba46-43b6-44b0-a4f3-1fdf0f6bbc5b,Lee,Hermiston,1957-12-25,MAN,Wrocław
4469c942-9918-45f4-9b83-a4571d487ae3,Winifred,Kihn,1962-04-23,MAN,Wrocław
d387f19c-e2d4-4c2b-b9e0-509c74f04be9,Gina,Langworth-Baumbach,1950-02-22,WOMAN,Gdańsk
ae6be116-527a-453e-b6a8-a55520194358,Ray,Koelpin,1967-02-04,MAN,Wrocław
95724344-d75b-4206-90b7-fe3d0618e581,Camille,Roob,2002-01-05,WOMAN,Gdańsk
11b43829-e434-4f13-8f84-7967ded3fddb,Myles,Gislason,2008-01-04,MAN,Gdańsk
b6659303-7ad9-4f53-b975-6c0ad34e24ca,Casimer,Hahn,2010-01-18,MAN,Warszawa
2fb9743c-cca4-4bae-838d-1a3b72349a93,Ara,Dare,2007-11-01,MAN,Wrocław
ac564741-14c3-4da6-a863-11b20656cb10,Sylvan,Runte,1926-01-02,MAN,Gdańsk
d3aab34d-3bc9-4885-908c-cab120973c12,Hollie,Simonis,2004-08-25,MAN,Wrocław
c8689f98-c2bf-4b82-bc89-119e61384871,Mossie,Franecki,1999-11-14,MAN,Wrocław
35fa1995-3fac-4221-baf8-f7a47462cbee,Lee,Rodriguez,1931-09-22,MAN,Warszawa
92abc627-2d0d-40db-b23b-61750e9d7531,Lela,Gerlach-Douglas,1951-12-07,MAN,Wrocław
b66782f9-322a-4e31-a9c5-3c80109a94b0,Florine,Lakin,1992-03-21,WOMAN,Warszawa
c2ff81f3-6d49-4d35-85b9-d5d77de0d2bf,Casper,Dooley,1978-07-21,MAN,Wrocław
8177564d-74ba-46e1-b14e-a46ae0634dbd,Elta,Gutkowski,2010-08-02,WOMAN,Gdańsk
9c616887-d318-4f3d-84d2-7512eace20cd,Keshaun,Smitham,1971-11-29,WOMAN,Wrocław
c44bf49b-498c-4733-9467-0097efcace16,Connie,Huels,1965-09-22,MAN,Warszawa
a4e2e1d0-6d45-43c9-a38c-a7d1445aba30,Jaylin,Pouros,1936-09-08,MAN,Gdańsk
e100664b-7099-418f-982d-d3d7ea8c061f,Baron,O'Conner-Torphy,1996-01-17,MAN,Gdańsk
a6087024-5d74-4f97-b85e-2295471f9f60,Tiffany,Fadel,1952-10-04,MAN,Warszawa
9d1ba3ae-b89b-45ff-b8b4-b99c49797ef7,Kiarra,Quigley,1979-06-29,MAN,Gdańsk
72e4c5cf-879c-453a-afef-517c9f6f9742,Angelina,Gerlach,1967-05-16,MAN,Wrocław
2d3d44fb-0176-4fb7-8cb8-0730ae5813fb,Vernice,Jones,1990-09-13,MAN,Gdańsk
8a3269b1-17ff-4559-95b4-d6de9b9c548b,Theresia,Kovacek,1987-03-19,MAN,Wrocław
e81ff77b-b1db-4806-967b-e37c6cc94958,Susanna,Johns,1987-06-12,MAN,Gdańsk
222b5396-8025-43bd-a4d5-e2b8ea350073,Shea,Crooks,1998-03-09,MAN,Warszawa
7a8c0d0f-241f-47d3-b017-a0e9769a03ff,Crystel,Hamill,1973-09-16,MAN,Gdańsk
9f9a0bb0-5ec0-4a9b-86ab-ae29193f92d0,Karl,Yundt,1982-08-27,WOMAN,Wrocław
08d412e2-efa0-41c8-893e-baa3e0baf1fe,Jamaal,Gerhold,1987-04-08,MAN,Warszawa
43aef7e6-b6cb-4cdf-9bf5-0212656636ea,Joannie,Runolfsson,1983-04-23,MAN,Warszawa
711fe077-7dc2-46bf-87ec-9a62da18fac4,Eli,Lakin,1984-08-02,MAN,Wrocław
cbe11331-f7db-44b4-a5b5-847432b51481,Emma,Lehner,1978-02-23,MAN,Warszawa
d09c838d-b95c-4e32-9016-6c2463c573d7,Jody,Schiller-Collier,2007-12-24,WOMAN,Warszawa
3b15a43d-18ec-4eb8-a68c-be8c14d2ed09,Katrine,Schamberger,1970-11-08,MAN,Wrocław
487fbab0-4dec-40a3-bada-9d1abf587e87,Raphaelle,Hilpert,2014-01-18,MAN,Warszawa
e209aa83-b0ec-4602-a46d-62e79556a7f8,Lily,Hackett,1997-12-10,WOMAN,Gdańsk
78110e50-32a9-46ca-b293-d229ae8f7d65,Ivy,Dibbert,2006-10-10,MAN,Gdańsk
9aaa49a5-f0ca-4476-997b-36de1d4848a0,Asha,Raynor,1972-10-16,MAN,Wrocław
6a3a1c3f-8b9f-4baa-b6b8-88989a00370f,Bailee,Tremblay,1950-05-28,MAN,Warszawa
f79d84ff-f2f1-4aed-b590-21479b265d8e,Lea,Kertzmann,1992-04-27,WOMAN,Wrocław
b37ed295-0223-44ba-8e9c-6fb4d0df9ec5,Green,Bode,1979-05-22,WOMAN,Wrocław
b459ef47-cdd7-4a01-8e65-785be277a689,Monty,Rolfson,1961-07-03,MAN,Warszawa
50f440a6-dbc9-4bd2-bc2b-3d22bd8b50d8,Roscoe,Jast,2006-02-11,MAN,Gdańsk
796a1532-fa40-42e5-a25c-9d8f2b3d41e6,Columbus,Jerde,1978-10-12,WOMAN,Warszawa
fa53c7d6-d02e-4acd-8b74-7249e58a8267,Lourdes,Mueller,1986-04-27,WOMAN,Wrocław
860e1b64-4dd7-4aeb-9ecf-a314b114cb09,Demetris,Sauer,2014-02-02,MAN,Gdańsk
5a7e338a-0f0d-4534-ae71-d00150707498,Zack,Dach,1956-09-08,MAN,Warszawa
1abf0c9c-6885-415d-896d-a2af16c027df,Buck,Greenfelder,1987-04-20,MAN,Wrocław
ae18a713-a552-4bd5-a098-13599a6f369f,Isaias,Jast,2008-04-04,MAN,Gdańsk
968336f8-fdcf-4892-b300-73144296fc80,Isai,Cronin,2010-11-21,MAN,Warszawa
46b7c914-62b7-4592-bc3d-66f106ed8bbe,Hertha,Bahringer,2002-10-22,MAN,Wrocław
6531b013-89d0-4796-a012-0e248805d038,Godfrey,Breitenberg,2013-04-30,MAN,Warszawa
efc32246-adf9-4bea-b251-d4978518d2f7,Saige,Sanford,2000-02-11,WOMAN,Wrocław
b3012399-0c24-4b1d-8379-1cf0aa70d283,Tracy,Schinner,1964-11-01,MAN,Wrocław
8d017acd-72d6-4c09-bdaf-32bb648cdf69,Maya,Cronin,1987-09-25,MAN,Gdańsk
839285df-417c-4a22-80d3-435a9c98ff16,Johathan,Batz,2008-03-18,MAN,Warszawa
d93d3270-c4e1-4e13-a189-75c0be9c605a,Keagan,Effertz-Larson,1986-05-02,MAN,Wrocław
430b9fdc-c5d2-4517-9ea4-9081b9e53e5a,Jabari,Ward-Satterfield,1944-08-09,MAN,Gdańsk
662957a8-8dca-414a-955a-e43936c9fb9c,Myrl,Hackett,2013-01-09,WOMAN,Wrocław
cc78a9ad-66af-491d-9c75-00413545e556,Jonathan,Stoltenberg,2010-03-24,MAN,Wrocław
8ae1e0c2-c36c-467e-b765-24f19ceb0e2e,Elena,Robel,1971-02-17,MAN,Gdańsk
04e9094c-e581-4067-a8e6-243b6ca4b321,Lyla,Nicolas,1991-05-28,WOMAN,Warszawa
e826d1be-02a4-433e-9cf3-b842ad06bafb,Peyton,Veum,1988-05-23,WOMAN,Gdańsk
00395de3-2c95-4e1f-b866-c866f5faabf8,Johnathon,Kuvalis,1955-07-03,WOMAN,Wrocław
ca117176-e2d0-4f0c-9982-ef790649c2cb,Adela,Bernhard,1947-05-06,MAN,Wrocław
df1a0cbe-21a1-4d41-9008-20636c9ac769,Fidel,Hilpert,1991-06-20,WOMAN,Warszawa
fc0ea065-3f5a-4897-abbd-263e068a1159,Creola,Hartmann,1998-11-04,MAN,Warszawa
5d797bdf-66cc-4014-b286-3299ca53c2f9,Adriana,Simonis,1940-11-02,MAN,Wrocław
d3aa700f-0173-4f91-abd6-0fab39847720,Brant,Quigley,1983-05-11,MAN,Warszawa
134064d2-36bc-473a-b4fa-e82a25136c05,Tevin,Kemmer,2005-02-10,MAN,Wrocław
9d6713cd-ce1b-41fc-85a8-da20e891bdc7,Chris,McGlynn,1994-08-10,WOMAN,Gdańsk
d349cbed-7d85-42ca-aed8-3eba7ed5348a,Hunter,Schneider,1999-12-16,MAN,Gdańsk
18b031e8-4b28-4e5c-9a3a-1e9e9165b3ee,Bernard,Powlowski,1935-03-26,MAN,Wrocław
dedce3e6-f0b7-4b4e-8c47-dc09453720d8,Aida,Hintz,1984-06-06,WOMAN,Warszawa
e36d9dc1-313d-49cf-a28f-3f25abb72927,Keven,Harris,1998-05-06,MAN,Wrocław
4107dea1-9fc2-480b-9b62-55a47663aa38,Bud,Howell,1936-03-01,MAN,Gdańsk
103bcb41-09b2-4c4f-82d1-47f3525ee80f,Pearline,Veum,1969-08-12,MAN,Wrocław
48ae254e-987e-45b4-bc5f-460322d3a607,Claud,Macejkovic,1971-08-25,MAN,Wrocław
2d026b35-0a89-42ce-a66b-31e75a88ef73,Gordon,Haag,2007-01-29,WOMAN,Warszawa
02043662-3948-4888-81ef-3dfdcf3d9043,Alfonso,Ritchie,1933-05-19,MAN,Gdańsk
d98320c3-b377-4be7-8574-3089e7c60264,Collin,Trantow,1992-12-15,MAN,Wrocław
e75009b7-f032-424e-80e1-76503318913d,Marielle,Klocko,2013-03-29,WOMAN,Warszawa
3fdd083f-6a1f-4e14-9c6e-8c4545301503,Ellis,Schultz,2010-07-14,MAN,Gdańsk
0db4ba28-601b-4d66-ab49-76460fb85be0,Herbert,Klein,1980-10-07,MAN,Wrocław
f3ec4e68-9423-49ac-bd0b-0f6e366561f8,Marjorie,Wyman,1984-01-16,MAN,Gdańsk
5d097937-c627-4c43-ade1-1b5367172cc0,Ocie,Jacobi,1975-11-05,WOMAN,Warszawa
08d0564a-553e-4e48-ae41-2f922bc1abc9,Estel,Blanda,1940-05-28,MAN,Wrocław
b8b5fccd-6ab5-426e-98b1-e1e4be8bc178,Zoie,Mosciski-Lesch,1992-01-08,WOMAN,Warszawa
08530c44-f187-4a27-a1c1-a61bd21e1518,Christy,Hamill,1979-05-21,MAN,Warszawa
8d1a86c7-1492-42a5-b85f-b38ea63d9b37,Abner,Wiza,2012-10-13,MAN,Wrocław
64afb393-30c3-416b-b56e-33dda94f64ec,Monte,Marvin,2006-07-15,MAN,Warszawa
c52a8f05-9bbb-4196-ac13-66012fb2329c,Arlie,Witting,1976-03-13,MAN,Warszawa
0b8c4ee9-4627-4769-94cb-7b77ce0796d3,Werner,Flatley,1953-06-21,WOMAN,Wrocław
fbe7497c-00e0-4344-9af5-8e9b6a9dd613,Charley,Koch-Mayert,1987-11-08,WOMAN,Gdańsk
d9e2ddd2-0485-40d7-aa62-3445acc25195,Consuelo,Kerluke,1945-06-27,WOMAN,Warszawa
f4ededab-b79a-46db-8930-541fe31beb35,Carmine,Hettinger-Reilly,2009-11-29,MAN,Wrocław
b0eb8c86-9b55-40dd-ac98-214728ab4728,Kurt,Kilback,2013-09-14,WOMAN,Gdańsk
0e497be1-cd12-4ca7-bcae-a74b78f0750f,Lorine,Pollich,2004-07-20,MAN,Warszawa
90f2c49d-4d23-4b7d-a598-dc6d35db95b2,Jeffry,Bartoletti,1970-03-09,MAN,Wrocław
5a8e48d5-40bc-49f2-915d-2c353a1db26a,Ephraim,Abbott,2010-03-02,MAN,Wrocław
b3e11fda-32e7-4418-8b45-ca151adc0e05,Durward,Toy,1990-11-06,MAN,Warszawa
bb1e8f76-00b9-4b98-91a9-0e11d0b83172,Seamus,Witting,1971-01-24,MAN,Gdańsk
fff50c17-3570-4701-b950-85068f34ba6d,Bradly,Hauck,1930-09-09,MAN,Wrocław
258397ca-37c6-456f-afe8-b65dce64c76c,Jerald,Moen,2000-12-28,MAN,Gdańsk
67e6f175-306b-4ebc-9859-4f1c0fb9eecb,Leon,Lemke,1972-11-26,MAN,Wrocław
565ae3bd-d3b4-46e6-94da-986fcf266ad0,Allene,Monahan,2004-10-12,WOMAN,Warszawa
acd59554-2461-4360-a87a-a37060bd0886,Thad,Hyatt,2012-08-30,WOMAN,Wrocław
fa038209-8f64-41d2-94f7-b0a2d8934c34,Angelina,Grady,1967-03-11,MAN,Wrocław
5b66103b-7cb3-4f57-887c-424341a4c4cd,Tyrese,Spinka,1965-10-27,MAN,Gdańsk
3d2b7966-676f-4ca2-b543-712b60d74ad3,Alene,Kunze,1927-05-27,WOMAN,Warszawa
49db05a1-ca6c-4428-8f6a-33a046c1323e,Cathy,Shanahan,2002-05-01,MAN,Gdańsk
3f0c0c77-ac6a-4048-a02a-7f8e51ebbb8e,Landen,Runte,2009-06-13,MAN,Wrocław
a1630401-a12a-4615-be07-743a69e5859b,Quinn,Nienow,2011-06-03,WOMAN,Warszawa
760aba42-7ea1-4b44-9979-eb7cb2bdd0df,Cassie,Rowe,2003-02-11,WOMAN,Warszawa
ccddf43b-8050-40ed-b514-9a2b95766398,Reggie,Bernhard,1958-09-17,MAN,Gdańsk
93bee357-1275-428c-95fb-ec6444ea4c8f,Jamar,Macejkovic,1999-11-07,MAN,Warszawa
e49162c0-7b32-438a-a5fb-dcd356ba118b,Giovanna,Kutch,2004-09-22,MAN,Wrocław
2530ad37-e019-40f2-859e-1603503af9bd,Drew,Hand,1971-06-12,MAN,Wrocław
ba9b3a2b-be22-4b77-9b6c-e924bfab8611,Modesta,Russel,1965-05-30,MAN,Wrocław
b613dfe7-8073-4b3c-a27d-56bdc0e84bf7,Cloyd,Prosacco,1998-03-28,MAN,Warszawa
df647a14-af5d-4830-8f62-964a09db263d,Keeley,Harris,2008-05-28,MAN,Wrocław
c0818687-feb9-4fda-a51f-5811481f0a48,Rahul,Crooks,1994-11-19,MAN,Wrocław
6158780b-1bf2-4011-810c-5d4d27dda56c,Lambert,Gorczany,2010-03-12,MAN,Warszawa
be4981df-db12-4553-b94d-7aeb3a7166df,Maximo,Aufderhar,1989-12-29,MAN,Gdańsk
8592d580-d468-4faf-a687-ae3ab13ed11e,Sedrick,Wyman,1958-08-13,WOMAN,Gdańsk
5d20696c-e280-49ec-b95a-30e6e32021ec,Crystel,Larson,1965-11-06,MAN,Warszawa
7742cc01-5342-4d83-a25d-fcf22e6e033d,Cassandre,Ankunding,2009-03-29,MAN,Wrocław
75c598c7-9f56-4f48-9f92-12b039f35232,Annie,Gleason,1976-11-09,MAN,Gdańsk
765bd60d-a6af-4dcf-942f-687c476023f3,Myra,Kertzmann,1982-07-24,MAN,Gdańsk
9145c917-5e43-475f-99ac-74fc9fff5e7b,Lou,Stamm,2001-08-10,MAN,Wrocław
b047e193-b972-494d-b0ff-a063ac76040a,Grant,Connelly,1972-03-12,MAN,Wrocław
fb1a83ff-a4d3-4577-aac8-fb3447cef877,Oliver,Torphy,1957-04-30,MAN,Wrocław
0881e707-3256-46b7-acc3-82c6a1ab2f1c,Dedrick,Corkery,1953-12-11,MAN,Warszawa
8ecf3acc-417b-4a10-b1e9-07264ebd8106,Brionna,Gerlach,1965-03-24,MAN,Gdańsk
4b954055-4c10-4f87-b4cd-98ae483dd9ad,Lindsey,Gulgowski,1978-09-28,MAN,Wrocław
740e24b3-7829-4f83-a69c-4798075b6146,Terrance,Gulgowski-Blanda,1954-01-04,MAN,Wrocław
e3d61f4e-9497-4b4f-aef6-2e0885afee91,Marcel,Hills,2007-04-07,MAN,Wrocław
ed804142-7156-49b6-896a-561b4604642d,Maria,Barton,1979-01-19,MAN,Gdańsk
9c007021-ae22-4bf0-899a-52c6d2dffa91,Betsy,Halvorson,1944-10-07,MAN,Wrocław
3dd7fc7d-e3f1-4407-9f57-4eb3ead2e3bb,Cynthia,Zboncak,1956-05-05,WOMAN,Gdańsk
4de618ac-7053-4656-ac08-b20bc0ec3554,Presley,Trantow,1996-07-16,MAN,Gdańsk
c72db598-8e40-4db9-aa7b-d85d28ac45e1,Devante,Schumm,1987-07-08,WOMAN,Wrocław
9d5ba3a1-7d0f-4712-b396-0bf949e8845a,Tiana,Marvin,1935-10-03,MAN,Warszawa
